Entity,Code,Year,Renewables
ASEAN (Ember),,2000,73.23
ASEAN (Ember),,2001,77.19
ASEAN (Ember),,2002,76.53
ASEAN (Ember),,2003,76.39
ASEAN (Ember),,2004,77.95
ASEAN (Ember),,2005,79.19
ASEAN (Ember),,2006,86.26
ASEAN (Ember),,2007,90.82
ASEAN (Ember),,2008,99.61
ASEAN (Ember),,2009,104.29
ASEAN (Ember),,2010,113.22
ASEAN (Ember),,2011,134.69
ASEAN (Ember),,2012,152.37
ASEAN (Ember),,2013,166.14
ASEAN (Ember),,2014,172.44
ASEAN (Ember),,2015,166.77
ASEAN (Ember),,2016,194.63
ASEAN (Ember),,2017,236.08
ASEAN (Ember),,2018,250.9
ASEAN (Ember),,2019,235.03
ASEAN (Ember),,2020,258.5
ASEAN (Ember),,2021,298.49
ASEAN (Ember),,2022,342.8
ASEAN (Ember),,2023,332.98
ASEAN (Ember),,2024,349.94
ASEAN (Ember),,2025,369.12
Afghanistan,AFG,2000,0.31
Afghanistan,AFG,2001,0.5
Afghanistan,AFG,2002,0.56
Afghanistan,AFG,2003,0.63
Afghanistan,AFG,2004,0.56
Afghanistan,AFG,2005,0.59
Afghanistan,AFG,2006,0.64
Afghanistan,AFG,2007,0.75
Afghanistan,AFG,2008,0.54
Afghanistan,AFG,2009,0.78
Afghanistan,AFG,2010,0.75
Afghanistan,AFG,2011,0.6
Afghanistan,AFG,2012,0.74
Afghanistan,AFG,2013,0.89
Afghanistan,AFG,2014,1
Afghanistan,AFG,2015,1.03
Afghanistan,AFG,2016,1.06
Afghanistan,AFG,2017,1.09
Afghanistan,AFG,2018,0.97
Afghanistan,AFG,2019,1.28
Afghanistan,AFG,2020,1.06
Afghanistan,AFG,2021,0.93
Afghanistan,AFG,2022,0.83
Afghanistan,AFG,2023,0.84
Afghanistan,AFG,2024,0.86
Africa,OWID_AFR,1971,26.177391
Africa,OWID_AFR,1972,29.798197
Africa,OWID_AFR,1973,31.515707
Africa,OWID_AFR,1974,35.842075
Africa,OWID_AFR,1975,37.889973
Africa,OWID_AFR,1976,41.982635
Africa,OWID_AFR,1977,46.117767
Africa,OWID_AFR,1978,46.501938
Africa,OWID_AFR,1979,49.76623
Africa,OWID_AFR,1980,48.518784
Africa,OWID_AFR,1981,50.410904
Africa,OWID_AFR,1982,50.442238
Africa,OWID_AFR,1983,45.47716
Africa,OWID_AFR,1984,44.723976
Africa,OWID_AFR,1985,49.718685
Africa,OWID_AFR,1986,51.804375
Africa,OWID_AFR,1987,49.714462
Africa,OWID_AFR,1988,54.219456
Africa,OWID_AFR,1989,56.893215
Africa,OWID_AFR,1990,58.055656
Africa,OWID_AFR,1991,61.46849
Africa,OWID_AFR,1992,58.70854
Africa,OWID_AFR,1993,57.62821
Africa,OWID_AFR,1994,58.44245
Africa,OWID_AFR,1995,60.780277
Africa,OWID_AFR,1996,63.568054
Africa,OWID_AFR,1997,65.230736
Africa,OWID_AFR,1998,68.381035
Africa,OWID_AFR,1999,72.40718
Africa,OWID_AFR,2000,77.49
Africa,OWID_AFR,2001,83.3
Africa,OWID_AFR,2002,88.03
Africa,OWID_AFR,2003,85.88
Africa,OWID_AFR,2004,91.01
Africa,OWID_AFR,2005,93.95
Africa,OWID_AFR,2006,97.979996
Africa,OWID_AFR,2007,100.5
Africa,OWID_AFR,2008,102.5
Africa,OWID_AFR,2009,106.6
Africa,OWID_AFR,2010,116.26
Africa,OWID_AFR,2011,119.28
Africa,OWID_AFR,2012,122.41
Africa,OWID_AFR,2013,127.44
Africa,OWID_AFR,2014,137.36
Africa,OWID_AFR,2015,142.1
Africa,OWID_AFR,2016,144.74
Africa,OWID_AFR,2017,154.79
Africa,OWID_AFR,2018,168.04
Africa,OWID_AFR,2019,180.23
Africa,OWID_AFR,2020,192.06
Africa,OWID_AFR,2021,206.7
Africa,OWID_AFR,2022,221.05
Africa,OWID_AFR,2023,228.16
Africa,OWID_AFR,2024,237.9
Africa (EI),,1971,26.177391
Africa (EI),,1972,29.798197
Africa (EI),,1973,31.515707
Africa (EI),,1974,35.842075
Africa (EI),,1975,37.889973
Africa (EI),,1976,41.982635
Africa (EI),,1977,46.117767
Africa (EI),,1978,46.501938
Africa (EI),,1979,49.76623
Africa (EI),,1980,48.518784
Africa (EI),,1981,50.410904
Africa (EI),,1982,50.442238
Africa (EI),,1983,45.47716
Africa (EI),,1984,44.723976
Africa (EI),,1985,49.718685
Africa (EI),,1986,51.804375
Africa (EI),,1987,49.714462
Africa (EI),,1988,54.219456
Africa (EI),,1989,56.893215
Africa (EI),,1990,58.055656
Africa (EI),,1991,61.46849
Africa (EI),,1992,58.70854
Africa (EI),,1993,57.62821
Africa (EI),,1994,58.44245
Africa (EI),,1995,60.780277
Africa (EI),,1996,63.568054
Africa (EI),,1997,65.230736
Africa (EI),,1998,68.381035
Africa (EI),,1999,72.40718
Africa (EI),,2000,77.75823
Africa (EI),,2001,83.68215
Africa (EI),,2002,87.833046
Africa (EI),,2003,85.80921
Africa (EI),,2004,91.02111
Africa (EI),,2005,92.70964
Africa (EI),,2006,96.76932
Africa (EI),,2007,99.45443
Africa (EI),,2008,101.64716
Africa (EI),,2009,104.87879
Africa (EI),,2010,114.01473
Africa (EI),,2011,117.67706
Africa (EI),,2012,118.634735
Africa (EI),,2013,126.24642
Africa (EI),,2014,136.68909
Africa (EI),,2015,140.61565
Africa (EI),,2016,143.12231
Africa (EI),,2017,153.53172
Africa (EI),,2018,165.17307
Africa (EI),,2019,176.09154
Africa (EI),,2020,188.93915
Africa (EI),,2021,200.33609
Africa (EI),,2022,213.89166
Africa (EI),,2023,229.20335
Africa (EI),,2024,244.48042
Africa (EI),,2025,272.05286
Africa (Ember),,2000,77.49
Africa (Ember),,2001,83.3
Africa (Ember),,2002,88.03
Africa (Ember),,2003,85.88
Africa (Ember),,2004,91.01
Africa (Ember),,2005,93.95
Africa (Ember),,2006,97.98
Africa (Ember),,2007,100.5
Africa (Ember),,2008,102.5
Africa (Ember),,2009,106.6
Africa (Ember),,2010,116.26
Africa (Ember),,2011,119.28
Africa (Ember),,2012,122.41
Africa (Ember),,2013,127.44
Africa (Ember),,2014,137.36
Africa (Ember),,2015,142.1
Africa (Ember),,2016,144.74
Africa (Ember),,2017,154.79
Africa (Ember),,2018,168.04
Africa (Ember),,2019,180.23
Africa (Ember),,2020,192.06
Africa (Ember),,2021,206.7
Africa (Ember),,2022,221.05
Africa (Ember),,2023,228.16
Africa (Ember),,2024,239.85
Africa (Ember),,2025,261.61
Albania,ALB,2000,4.55
Albania,ALB,2001,3.52
Albania,ALB,2002,3.48
Albania,ALB,2003,5.12
Albania,ALB,2004,5.41
Albania,ALB,2005,5.32
Albania,ALB,2006,4.95
Albania,ALB,2007,2.76
Albania,ALB,2008,3.76
Albania,ALB,2009,5.2
Albania,ALB,2010,7.57
Albania,ALB,2011,4.13
Albania,ALB,2012,4.72
Albania,ALB,2013,6.96
Albania,ALB,2014,4.72
Albania,ALB,2015,5.89
Albania,ALB,2016,7.78
Albania,ALB,2017,4.53
Albania,ALB,2018,8.55
Albania,ALB,2019,5.2
Albania,ALB,2020,5.31
Albania,ALB,2021,8.94
Albania,ALB,2022,6.97
Albania,ALB,2023,9.01
Albania,ALB,2024,8.34
Algeria,DZA,1990,0.135
Algeria,DZA,1991,0.293
Algeria,DZA,1992,0.199
Algeria,DZA,1993,0.353
Algeria,DZA,1994,0.166
Algeria,DZA,1995,0.193
Algeria,DZA,1996,0.135
Algeria,DZA,1997,0.075
Algeria,DZA,1998,0.215
Algeria,DZA,1999,0.203
Algeria,DZA,2000,0.05
Algeria,DZA,2001,0.07
Algeria,DZA,2002,0.06
Algeria,DZA,2003,0.26
Algeria,DZA,2004,0.25
Algeria,DZA,2005,0.55
Algeria,DZA,2006,0.22
Algeria,DZA,2007,0.22
Algeria,DZA,2008,0.28
Algeria,DZA,2009,0.3
Algeria,DZA,2010,0.17
Algeria,DZA,2011,0.5
Algeria,DZA,2012,0.62
Algeria,DZA,2013,0.33
Algeria,DZA,2014,0.25
Algeria,DZA,2015,0.22
Algeria,DZA,2016,0.34
Algeria,DZA,2017,0.64
Algeria,DZA,2018,0.82
Algeria,DZA,2019,0.87
Algeria,DZA,2020,0.88
Algeria,DZA,2021,0.81
Algeria,DZA,2022,0.86
Algeria,DZA,2023,0.91
Algeria,DZA,2024,1.03
American Samoa,ASM,2000,0
American Samoa,ASM,2001,0
American Samoa,ASM,2002,0
American Samoa,ASM,2003,0
American Samoa,ASM,2004,0
American Samoa,ASM,2005,0
American Samoa,ASM,2006,0
American Samoa,ASM,2007,0
American Samoa,ASM,2008,0
American Samoa,ASM,2009,0
American Samoa,ASM,2010,0
American Samoa,ASM,2011,0
American Samoa,ASM,2012,0
American Samoa,ASM,2013,0
American Samoa,ASM,2014,0
American Samoa,ASM,2015,0
American Samoa,ASM,2016,0
American Samoa,ASM,2017,0
American Samoa,ASM,2018,0
American Samoa,ASM,2019,0
American Samoa,ASM,2020,0
American Samoa,ASM,2021,0
American Samoa,ASM,2022,0.01
American Samoa,ASM,2023,0
American Samoa,ASM,2024,0.01
Angola,AGO,2000,0.91
Angola,AGO,2001,1.02
Angola,AGO,2002,1.14
Angola,AGO,2003,1.24
Angola,AGO,2004,1.75
Angola,AGO,2005,2.22
Angola,AGO,2006,2.54
Angola,AGO,2007,2.49
Angola,AGO,2008,3.15
Angola,AGO,2009,3.27
Angola,AGO,2010,3.71
Angola,AGO,2011,4.02
Angola,AGO,2012,5.48
Angola,AGO,2013,4.73
Angola,AGO,2014,5.05
Angola,AGO,2015,5.34
Angola,AGO,2016,6.43
Angola,AGO,2017,7.72
Angola,AGO,2018,10.44
Angola,AGO,2019,11.58
Angola,AGO,2020,12.71
Angola,AGO,2021,12.71
Angola,AGO,2022,13.08
Angola,AGO,2023,11.66
Angola,AGO,2024,11.49
Antigua and Barbuda,ATG,2000,0
Antigua and Barbuda,ATG,2001,0
Antigua and Barbuda,ATG,2002,0
Antigua and Barbuda,ATG,2003,0
Antigua and Barbuda,ATG,2004,0
Antigua and Barbuda,ATG,2005,0
Antigua and Barbuda,ATG,2006,0
Antigua and Barbuda,ATG,2007,0
Antigua and Barbuda,ATG,2008,0
Antigua and Barbuda,ATG,2009,0
Antigua and Barbuda,ATG,2010,0
Antigua and Barbuda,ATG,2011,0
Antigua and Barbuda,ATG,2012,0
Antigua and Barbuda,ATG,2013,0
Antigua and Barbuda,ATG,2014,0
Antigua and Barbuda,ATG,2015,0.01
Antigua and Barbuda,ATG,2016,0
Antigua and Barbuda,ATG,2017,0.01
Antigua and Barbuda,ATG,2018,0.01
Antigua and Barbuda,ATG,2019,0.01
Antigua and Barbuda,ATG,2020,0.02
Antigua and Barbuda,ATG,2021,0.02
Antigua and Barbuda,ATG,2022,0.02
Antigua and Barbuda,ATG,2023,0.02
Antigua and Barbuda,ATG,2024,0.03
Argentina,ARG,1990,17.846197
Argentina,ARG,1991,16.000261
Argentina,ARG,1992,19.295076
Argentina,ARG,1993,23.864302
Argentina,ARG,1994,27.385681
Argentina,ARG,1995,26.622698
Argentina,ARG,1996,22.704325
Argentina,ARG,1997,28.118015
Argentina,ARG,1998,26.714954
Argentina,ARG,1999,21.693598
Argentina,ARG,2000,29
Argentina,ARG,2001,36.99
Argentina,ARG,2002,36.38
Argentina,ARG,2003,34.76
Argentina,ARG,2004,31.4
Argentina,ARG,2005,35.21
Argentina,ARG,2006,39.14
Argentina,ARG,2007,32.35
Argentina,ARG,2008,32.45
Argentina,ARG,2009,35.85
Argentina,ARG,2010,34.77
Argentina,ARG,2011,32.61
Argentina,ARG,2012,30.99
Argentina,ARG,2013,34.77
Argentina,ARG,2014,34.54
Argentina,ARG,2015,34.43
Argentina,ARG,2016,31.49
Argentina,ARG,2017,33.68
Argentina,ARG,2018,35.22
Argentina,ARG,2019,34.78
Argentina,ARG,2020,36.62
Argentina,ARG,2021,37.04
Argentina,ARG,2022,42.27
Argentina,ARG,2023,51.65
Argentina,ARG,2024,52.44
Argentina,ARG,2025,52.96
Armenia,ARM,2000,1.25
Armenia,ARM,2001,0.96
Armenia,ARM,2002,1.64
Armenia,ARM,2003,1.96
Armenia,ARM,2004,1.98
Armenia,ARM,2005,1.75
Armenia,ARM,2006,1.81
Armenia,ARM,2007,1.83
Armenia,ARM,2008,1.78
Armenia,ARM,2009,2
Armenia,ARM,2010,2.54
Armenia,ARM,2011,2.46
Armenia,ARM,2012,2.3
Armenia,ARM,2013,2.15
Armenia,ARM,2014,1.97
Armenia,ARM,2015,2.18
Armenia,ARM,2016,2.33
Armenia,ARM,2017,2.25
Armenia,ARM,2018,2.31
Armenia,ARM,2019,2.41
Armenia,ARM,2020,1.92
Armenia,ARM,2021,2.49
Armenia,ARM,2022,3.37
Armenia,ARM,2023,2.42
Armenia,ARM,2024,2.88
Armenia,ARM,2025,3.79
Aruba,ABW,2000,0
Aruba,ABW,2001,0
Aruba,ABW,2002,0
Aruba,ABW,2003,0
Aruba,ABW,2004,0
Aruba,ABW,2005,0
Aruba,ABW,2006,0
Aruba,ABW,2007,0
Aruba,ABW,2008,0
Aruba,ABW,2009,0.03
Aruba,ABW,2010,0.11
Aruba,ABW,2011,0.11
Aruba,ABW,2012,0.14
Aruba,ABW,2013,0.15
Aruba,ABW,2014,0.16
Aruba,ABW,2015,0.18
Aruba,ABW,2016,0.14
Aruba,ABW,2017,0.14
Aruba,ABW,2018,0.16
Aruba,ABW,2019,0.17
Aruba,ABW,2020,0.17
Aruba,ABW,2021,0.17
Aruba,ABW,2022,0.17
Aruba,ABW,2023,0.17
Aruba,ABW,2024,0.17
Asia,OWID_ASI,1965,143.00587
Asia,OWID_ASI,1966,149.16756
Asia,OWID_ASI,1967,139.4237
Asia,OWID_ASI,1968,154.96028
Asia,OWID_ASI,1969,160.86223
Asia,OWID_ASI,1970,164.89005
Asia,OWID_ASI,1971,180.31836
Asia,OWID_ASI,1972,186.49504
Asia,OWID_ASI,1973,173.43393
Asia,OWID_ASI,1974,197.52808
Asia,OWID_ASI,1975,212.83537
Asia,OWID_ASI,1976,218.8289
Asia,OWID_ASI,1977,215.19745
Asia,OWID_ASI,1978,226.82617
Asia,OWID_ASI,1979,246.07878
Asia,OWID_ASI,1980,264.91916
Asia,OWID_ASI,1981,284.17273
Asia,OWID_ASI,1982,290.15228
Asia,OWID_ASI,1983,304.99954
Asia,OWID_ASI,1984,307.2077
Asia,OWID_ASI,1985,361.88193
Asia,OWID_ASI,1986,365.3594
Asia,OWID_ASI,1987,378.16095
Asia,OWID_ASI,1988,433.11395
Asia,OWID_ASI,1989,444.32462
Asia,OWID_ASI,1990,463.0591
Asia,OWID_ASI,1991,468.43655
Asia,OWID_ASI,1992,472.0652
Asia,OWID_ASI,1993,522.38116
Asia,OWID_ASI,1994,522.2678
Asia,OWID_ASI,1995,567.1081
Asia,OWID_ASI,1996,563.8313
Asia,OWID_ASI,1997,565.811
Asia,OWID_ASI,1998,599.98505
Asia,OWID_ASI,1999,589.2802
Asia,OWID_ASI,2000,611.54
Asia,OWID_ASI,2001,658.77
Asia,OWID_ASI,2002,685.55
Asia,OWID_ASI,2003,717.29
Asia,OWID_ASI,2004,834.96
Asia,OWID_ASI,2005,882.44
Asia,OWID_ASI,2006,969.77
Asia,OWID_ASI,2007,1022.21
Asia,OWID_ASI,2008,1173.02
Asia,OWID_ASI,2009,1169
Asia,OWID_ASI,2010,1369.72
Asia,OWID_ASI,2011,1420.4401
Asia,OWID_ASI,2012,1645.99
Asia,OWID_ASI,2013,1800.06
Asia,OWID_ASI,2014,2011.25
Asia,OWID_ASI,2015,2157.1602
Asia,OWID_ASI,2016,2342.47
Asia,OWID_ASI,2017,2566.6301
Asia,OWID_ASI,2018,2804.77
Asia,OWID_ASI,2019,3078.85
Asia,OWID_ASI,2020,3304.46
Asia,OWID_ASI,2021,3649.94
Asia,OWID_ASI,2022,4021.5698
Asia,OWID_ASI,2023,4285.61
Asia,OWID_ASI,2024,4911.29
Asia (Ember),,2000,572.18
Asia (Ember),,2001,625.83
Asia (Ember),,2002,639.8
Asia (Ember),,2003,667.45
Asia (Ember),,2004,770.76
Asia (Ember),,2005,816.69
Asia (Ember),,2006,895.77
Asia (Ember),,2007,957.73
Asia (Ember),,2008,1124.1
Asia (Ember),,2009,1117.98
Asia (Ember),,2010,1295.09
Asia (Ember),,2011,1343.82
Asia (Ember),,2012,1558.98
Asia (Ember),,2013,1706.03
Asia (Ember),,2014,1936.78
Asia (Ember),,2015,2054.47
Asia (Ember),,2016,2228.52
Asia (Ember),,2017,2453.87
Asia (Ember),,2018,2687.75
Asia (Ember),,2019,2894.09
Asia (Ember),,2020,3130.15
Asia (Ember),,2021,3492.94
Asia (Ember),,2022,3837.65
Asia (Ember),,2023,4080.95
Asia (Ember),,2024,4678.87
Asia (Ember),,2025,5361.19
Asia Pacific (EI),,1965,157.73355
Asia Pacific (EI),,1966,163.95483
Asia Pacific (EI),,1967,154.29074
Asia Pacific (EI),,1968,169.82611
Asia Pacific (EI),,1969,175.7718
Asia Pacific (EI),,1970,182.48671
Asia Pacific (EI),,1971,201.21169
Asia Pacific (EI),,1972,206.9016
Asia Pacific (EI),,1973,195.84662
Asia Pacific (EI),,1974,220.7202
Asia Pacific (EI),,1975,235.41791
Asia Pacific (EI),,1976,236.15977
Asia Pacific (EI),,1977,229.98009
Asia Pacific (EI),,1978,240.2832
Asia Pacific (EI),,1979,261.01413
Asia Pacific (EI),,1980,278.93997
Asia Pacific (EI),,1981,297.12097
Asia Pacific (EI),,1982,298.93842
Asia Pacific (EI),,1983,317.72852
Asia Pacific (EI),,1984,319.46817
Asia Pacific (EI),,1985,341.16144
Asia Pacific (EI),,1986,350.18033
Asia Pacific (EI),,1987,349.23038
Asia Pacific (EI),,1988,385.9363
Asia Pacific (EI),,1989,414.48834
Asia Pacific (EI),,1990,421.8414
Asia Pacific (EI),,1991,433.6718
Asia Pacific (EI),,1992,424.9492
Asia Pacific (EI),,1993,463.76312
Asia Pacific (EI),,1994,470.3983
Asia Pacific (EI),,1995,515.61017
Asia Pacific (EI),,1996,505.99695
Asia Pacific (EI),,1997,512.5949
Asia Pacific (EI),,1998,545.97986
Asia Pacific (EI),,1999,543.88965
Asia Pacific (EI),,2000,569.6303
Asia Pacific (EI),,2001,620.12244
Asia Pacific (EI),,2002,631.03375
Asia Pacific (EI),,2003,650.34534
Asia Pacific (EI),,2004,763.1983
Asia Pacific (EI),,2005,802.46906
Asia Pacific (EI),,2006,887.5789
Asia Pacific (EI),,2007,951.3273
Asia Pacific (EI),,2008,1116.9777
Asia Pacific (EI),,2009,1114.3191
Asia Pacific (EI),,2010,1275.4503
Asia Pacific (EI),,2011,1339.3721
Asia Pacific (EI),,2012,1549.6613
Asia Pacific (EI),,2013,1702.9524
Asia Pacific (EI),,2014,1927.838
Asia Pacific (EI),,2015,2050.5566
Asia Pacific (EI),,2016,2235.298
Asia Pacific (EI),,2017,2446.0234
Asia Pacific (EI),,2018,2698.3584
Asia Pacific (EI),,2019,2913.595
Asia Pacific (EI),,2020,3148.9841
Asia Pacific (EI),,2021,3499.4517
Asia Pacific (EI),,2022,3845.105
Asia Pacific (EI),,2023,4099.6543
Asia Pacific (EI),,2024,4693.797
Asia Pacific (EI),,2025,5364.337
Australia,AUS,1990,15.518999
Australia,AUS,1991,16.37845
Australia,AUS,1992,16.6236
Australia,AUS,1993,17.073599
Australia,AUS,1994,16.8694
Australia,AUS,1995,16.48465
Australia,AUS,1996,16.9476
Australia,AUS,1997,16.98765
Australia,AUS,1998,16.9326
Australia,AUS,1999,17.4986
Australia,AUS,2000,17.54
Australia,AUS,2001,17.26
Australia,AUS,2002,17.95
Australia,AUS,2003,18.66
Australia,AUS,2004,19.38
Australia,AUS,2005,20.72
Australia,AUS,2006,21.14
Australia,AUS,2007,20.29
Australia,AUS,2008,19.12
Australia,AUS,2009,20.16
Australia,AUS,2010,22.16
Australia,AUS,2011,30.61
Australia,AUS,2012,30.27
Australia,AUS,2013,35.53
Australia,AUS,2014,32.76
Australia,AUS,2015,35.8
Australia,AUS,2016,41.74
Australia,AUS,2017,39.19
Australia,AUS,2018,49.49
Australia,AUS,2019,55.26
Australia,AUS,2020,64.28
Australia,AUS,2021,77.27
Australia,AUS,2022,87.44
Australia,AUS,2023,95.07
Australia,AUS,2024,98.79
Australia,AUS,2025,110.58
Austria,AUT,1990,32.64
Austria,AUT,1991,32.65
Austria,AUT,1992,36.16
Austria,AUT,1993,38.05
Austria,AUT,1994,36.9
Austria,AUT,1995,38.91
Austria,AUT,1996,35.79
Austria,AUT,1997,37.82
Austria,AUT,1998,39.03
Austria,AUT,1999,42.35
Austria,AUT,2000,43.44
Austria,AUT,2001,42.24
Austria,AUT,2002,41.9
Austria,AUT,2003,35.24
Austria,AUT,2004,39.62
Austria,AUT,2005,40.88
Austria,AUT,2006,40.66
Austria,AUT,2007,43.17
Austria,AUT,2008,44.53
Austria,AUT,2009,47.18
Austria,AUT,2010,44.99
Austria,AUT,2011,40.91
Austria,AUT,2012,51.33
Austria,AUT,2013,50.5
Austria,AUT,2014,50.2
Austria,AUT,2015,47.59
Austria,AUT,2016,51.08
Austria,AUT,2017,51.05
Austria,AUT,2018,50.06
Austria,AUT,2019,54.64
Austria,AUT,2020,55.42
Austria,AUT,2021,52.75
Austria,AUT,2022,50.41
Austria,AUT,2023,60.16
Austria,AUT,2024,67.66
Austria,AUT,2025,61.21
Azerbaijan,AZE,1990,1.658
Azerbaijan,AZE,1991,1.7593
Azerbaijan,AZE,1992,1.7473
Azerbaijan,AZE,1993,2.426
Azerbaijan,AZE,1994,1.83
Azerbaijan,AZE,1995,1.556
Azerbaijan,AZE,1996,1.537
Azerbaijan,AZE,1997,1.712
Azerbaijan,AZE,1998,1.951
Azerbaijan,AZE,1999,1.506
Azerbaijan,AZE,2000,1.52
Azerbaijan,AZE,2001,1.29
Azerbaijan,AZE,2002,2
Azerbaijan,AZE,2003,2.44
Azerbaijan,AZE,2004,2.73
Azerbaijan,AZE,2005,2.98
Azerbaijan,AZE,2006,2.49
Azerbaijan,AZE,2007,2.34
Azerbaijan,AZE,2008,2.21
Azerbaijan,AZE,2009,2.29
Azerbaijan,AZE,2010,3.41
Azerbaijan,AZE,2011,2.65
Azerbaijan,AZE,2012,1.8
Azerbaijan,AZE,2013,1.56
Azerbaijan,AZE,2014,1.37
Azerbaijan,AZE,2015,1.71
Azerbaijan,AZE,2016,2.09
Azerbaijan,AZE,2017,1.88
Azerbaijan,AZE,2018,1.95
Azerbaijan,AZE,2019,1.79
Azerbaijan,AZE,2020,1.32
Azerbaijan,AZE,2021,1.52
Azerbaijan,AZE,2022,1.84
Azerbaijan,AZE,2023,1.9
Azerbaijan,AZE,2024,3.27
Azerbaijan,AZE,2025,3.41
Bahamas,BHS,2000,0
Bahamas,BHS,2001,0
Bahamas,BHS,2002,0
Bahamas,BHS,2003,0
Bahamas,BHS,2004,0
Bahamas,BHS,2005,0
Bahamas,BHS,2006,0
Bahamas,BHS,2007,0
Bahamas,BHS,2008,0
Bahamas,BHS,2009,0
Bahamas,BHS,2010,0
Bahamas,BHS,2011,0
Bahamas,BHS,2012,0
Bahamas,BHS,2013,0
Bahamas,BHS,2014,0
Bahamas,BHS,2015,0
Bahamas,BHS,2016,0
Bahamas,BHS,2017,0
Bahamas,BHS,2018,0
Bahamas,BHS,2019,0
Bahamas,BHS,2020,0.01
Bahamas,BHS,2021,0.01
Bahamas,BHS,2022,0.02
Bahamas,BHS,2023,0.02
Bahamas,BHS,2024,0.02
Bahrain,BHR,2000,0
Bahrain,BHR,2001,0
Bahrain,BHR,2002,0
Bahrain,BHR,2003,0
Bahrain,BHR,2004,0
Bahrain,BHR,2005,0
Bahrain,BHR,2006,0
Bahrain,BHR,2007,0
Bahrain,BHR,2008,0
Bahrain,BHR,2009,0
Bahrain,BHR,2010,0
Bahrain,BHR,2011,0
Bahrain,BHR,2012,0
Bahrain,BHR,2013,0
Bahrain,BHR,2014,0.01
Bahrain,BHR,2015,0.01
Bahrain,BHR,2016,0.01
Bahrain,BHR,2017,0.01
Bahrain,BHR,2018,0.01
Bahrain,BHR,2019,0.02
Bahrain,BHR,2020,0.02
Bahrain,BHR,2021,0.04
Bahrain,BHR,2022,0.08
Bahrain,BHR,2023,0.09
Bahrain,BHR,2024,0.1
Bangladesh,BGD,1972,0.175
Bangladesh,BGD,1973,0.331
Bangladesh,BGD,1974,0.243
Bangladesh,BGD,1975,0.436
Bangladesh,BGD,1976,0.494
Bangladesh,BGD,1977,0.437
Bangladesh,BGD,1978,0.506
Bangladesh,BGD,1979,0.587
Bangladesh,BGD,1980,0.583
Bangladesh,BGD,1981,0.625
Bangladesh,BGD,1982,0.523
Bangladesh,BGD,1983,0.662
Bangladesh,BGD,1984,0.897
Bangladesh,BGD,1985,0.739
Bangladesh,BGD,1986,0.45
Bangladesh,BGD,1987,0.517
Bangladesh,BGD,1988,0.675
Bangladesh,BGD,1989,0.92
Bangladesh,BGD,1990,0.884
Bangladesh,BGD,1991,0.838
Bangladesh,BGD,1992,0.796
Bangladesh,BGD,1993,0.608
Bangladesh,BGD,1994,0.847
Bangladesh,BGD,1995,0.372
Bangladesh,BGD,1996,0.739
Bangladesh,BGD,1997,0.719
Bangladesh,BGD,1998,0.865
Bangladesh,BGD,1999,0.833
Bangladesh,BGD,2000,0.94
Bangladesh,BGD,2001,0.98
Bangladesh,BGD,2002,1.05
Bangladesh,BGD,2003,1.12
Bangladesh,BGD,2004,1.21
Bangladesh,BGD,2005,1.28
Bangladesh,BGD,2006,1.39
Bangladesh,BGD,2007,0.76
Bangladesh,BGD,2008,0.96
Bangladesh,BGD,2009,0.47
Bangladesh,BGD,2010,0.83
Bangladesh,BGD,2011,0.98
Bangladesh,BGD,2012,0.91
Bangladesh,BGD,2013,1.07
Bangladesh,BGD,2014,0.78
Bangladesh,BGD,2015,0.8
Bangladesh,BGD,2016,1.24
Bangladesh,BGD,2017,1.29
Bangladesh,BGD,2018,1.4
Bangladesh,BGD,2019,1.19
Bangladesh,BGD,2020,1.25
Bangladesh,BGD,2021,1.35
Bangladesh,BGD,2022,1.59
Bangladesh,BGD,2023,1.72
Bangladesh,BGD,2024,1.92
Bangladesh,BGD,2025,2.21
Barbados,BRB,2000,0
Barbados,BRB,2001,0
Barbados,BRB,2002,0
Barbados,BRB,2003,0
Barbados,BRB,2004,0
Barbados,BRB,2005,0
Barbados,BRB,2006,0
Barbados,BRB,2007,0
Barbados,BRB,2008,0
Barbados,BRB,2009,0
Barbados,BRB,2010,0
Barbados,BRB,2011,0
Barbados,BRB,2012,0
Barbados,BRB,2013,0
Barbados,BRB,2014,0.01
Barbados,BRB,2015,0.01
Barbados,BRB,2016,0.02
Barbados,BRB,2017,0.03
Barbados,BRB,2018,0.03
Barbados,BRB,2019,0.04
Barbados,BRB,2020,0.07
Barbados,BRB,2021,0.08
Barbados,BRB,2022,0.08
Barbados,BRB,2023,0.09
Barbados,BRB,2024,0.1
Belarus,BLR,1990,0.02
Belarus,BLR,1991,0.018
Belarus,BLR,1992,0.017
Belarus,BLR,1993,0.019
Belarus,BLR,1994,0.019
Belarus,BLR,1995,0.02
Belarus,BLR,1996,0.016
Belarus,BLR,1997,0.021
Belarus,BLR,1998,0.028
Belarus,BLR,1999,0.019
Belarus,BLR,2000,0.03
Belarus,BLR,2001,0.03
Belarus,BLR,2002,0.03
Belarus,BLR,2003,0.03
Belarus,BLR,2004,0.03
Belarus,BLR,2005,0.04
Belarus,BLR,2006,0.04
Belarus,BLR,2007,0.05
Belarus,BLR,2008,0.07
Belarus,BLR,2009,0.11
Belarus,BLR,2010,0.14
Belarus,BLR,2011,0.14
Belarus,BLR,2012,0.21
Belarus,BLR,2013,0.3
Belarus,BLR,2014,0.29
Belarus,BLR,2015,0.34
Belarus,BLR,2016,0.43
Belarus,BLR,2017,0.78
Belarus,BLR,2018,0.81
Belarus,BLR,2019,1.04
Belarus,BLR,2020,1.35
Belarus,BLR,2021,1.27
Belarus,BLR,2022,1.26
Belarus,BLR,2023,1.34
Belarus,BLR,2024,1.41
Belarus,BLR,2025,2.24
Belgium,BEL,1990,0.56
Belgium,BEL,1991,0.54
Belgium,BEL,1992,0.62
Belgium,BEL,1993,0.51
Belgium,BEL,1994,0.61
Belgium,BEL,1995,0.67
Belgium,BEL,1996,0.56
Belgium,BEL,1997,0.6
Belgium,BEL,1998,0.76
Belgium,BEL,1999,0.85
Belgium,BEL,2000,1.05
Belgium,BEL,2001,1.08
Belgium,BEL,2002,1.14
Belgium,BEL,2003,1.2
Belgium,BEL,2004,1.5
Belgium,BEL,2005,2.11
Belgium,BEL,2006,2.96
Belgium,BEL,2007,3.49
Belgium,BEL,2008,4.42
Belgium,BEL,2009,5.44
Belgium,BEL,2010,6.57
Belgium,BEL,2011,8.36
Belgium,BEL,2012,10.51
Belgium,BEL,2013,11.72
Belgium,BEL,2014,12.21
Belgium,BEL,2015,14.44
Belgium,BEL,2016,14.25
Belgium,BEL,2017,15.8
Belgium,BEL,2018,17.16
Belgium,BEL,2019,19.45
Belgium,BEL,2020,23.45
Belgium,BEL,2021,22.75
Belgium,BEL,2022,24.43
Belgium,BEL,2023,27.46
Belgium,BEL,2024,26.78
Belgium,BEL,2025,28.38
Belize,BLZ,2000,0.09
Belize,BLZ,2001,0.09
Belize,BLZ,2002,0.09
Belize,BLZ,2003,0.06
Belize,BLZ,2004,0.06
Belize,BLZ,2005,0.07
Belize,BLZ,2006,0.18
Belize,BLZ,2007,0.18
Belize,BLZ,2008,0.2
Belize,BLZ,2009,0.19
Belize,BLZ,2010,0.37
Belize,BLZ,2011,0.31
Belize,BLZ,2012,0.35
Belize,BLZ,2013,0.35
Belize,BLZ,2014,0.33
Belize,BLZ,2015,0.33
Belize,BLZ,2016,0.36
Belize,BLZ,2017,0.38
Belize,BLZ,2018,0.38
Belize,BLZ,2019,0.45
Belize,BLZ,2020,0.39
Belize,BLZ,2021,0.31
Belize,BLZ,2022,0.41
Belize,BLZ,2023,0.4
Belize,BLZ,2024,0.41
Benin,BEN,2000,0
Benin,BEN,2001,0
Benin,BEN,2002,0
Benin,BEN,2003,0
Benin,BEN,2004,0
Benin,BEN,2005,0
Benin,BEN,2006,0
Benin,BEN,2007,0
Benin,BEN,2008,0
Benin,BEN,2009,0
Benin,BEN,2010,0
Benin,BEN,2011,0
Benin,BEN,2012,0
Benin,BEN,2013,0
Benin,BEN,2014,0
Benin,BEN,2015,0
Benin,BEN,2016,0
Benin,BEN,2017,0
Benin,BEN,2018,0
Benin,BEN,2019,0.01
Benin,BEN,2020,0.01
Benin,BEN,2021,0.02
Benin,BEN,2022,0.02
Benin,BEN,2023,0.03
Benin,BEN,2024,0.04
Bermuda,BMU,2000,0.01
Bermuda,BMU,2001,0.01
Bermuda,BMU,2002,0.01
Bermuda,BMU,2003,0.01
Bermuda,BMU,2004,0.01
Bermuda,BMU,2005,0.01
Bermuda,BMU,2006,0.01
Bermuda,BMU,2007,0.01
Bermuda,BMU,2008,0.01
Bermuda,BMU,2009,0.01
Bermuda,BMU,2010,0.01
Bermuda,BMU,2011,0.01
Bermuda,BMU,2012,0.01
Bermuda,BMU,2013,0.01
Bermuda,BMU,2014,0.01
Bermuda,BMU,2015,0.01
Bermuda,BMU,2016,0.01
Bermuda,BMU,2017,0.01
Bermuda,BMU,2018,0.01
Bermuda,BMU,2019,0.01
Bermuda,BMU,2020,0.01
Bermuda,BMU,2021,0.01
Bermuda,BMU,2022,0.01
Bermuda,BMU,2023,0.01
Bermuda,BMU,2024,0.01
Bhutan,BTN,2000,1.79
Bhutan,BTN,2001,1.92
Bhutan,BTN,2002,2.18
Bhutan,BTN,2003,2.5
Bhutan,BTN,2004,2.33
Bhutan,BTN,2005,2.62
Bhutan,BTN,2006,4.47
Bhutan,BTN,2007,6.49
Bhutan,BTN,2008,6.89
Bhutan,BTN,2009,6.93
Bhutan,BTN,2010,7.26
Bhutan,BTN,2011,6.97
Bhutan,BTN,2012,6.74
Bhutan,BTN,2013,7.53
Bhutan,BTN,2014,7.15
Bhutan,BTN,2015,7.73
Bhutan,BTN,2016,7.88
Bhutan,BTN,2017,7.65
Bhutan,BTN,2018,6.89
Bhutan,BTN,2019,8.65
Bhutan,BTN,2020,11.37
Bhutan,BTN,2021,10.82
Bhutan,BTN,2022,10.77
Bhutan,BTN,2023,11.16
Bhutan,BTN,2024,11
Bolivia,BOL,2000,2
Bolivia,BOL,2001,2.16
Bolivia,BOL,2002,2.23
Bolivia,BOL,2003,2.02
Bolivia,BOL,2004,2.19
Bolivia,BOL,2005,2
Bolivia,BOL,2006,2.18
Bolivia,BOL,2007,2.35
Bolivia,BOL,2008,2.35
Bolivia,BOL,2009,2.35
Bolivia,BOL,2010,2.24
Bolivia,BOL,2011,2.41
Bolivia,BOL,2012,2.41
Bolivia,BOL,2013,2.64
Bolivia,BOL,2014,2.38
Bolivia,BOL,2015,2.65
Bolivia,BOL,2016,1.93
Bolivia,BOL,2017,2.41
Bolivia,BOL,2018,2.97
Bolivia,BOL,2019,3.75
Bolivia,BOL,2020,3.66
Bolivia,BOL,2021,4.18
Bolivia,BOL,2022,4.17
Bolivia,BOL,2023,4.18
Bolivia,BOL,2024,4.6
Bolivia,BOL,2025,4.92
Bosnia and Herzegovina,BIH,2000,5.09
Bosnia and Herzegovina,BIH,2001,5.18
Bosnia and Herzegovina,BIH,2002,5.27
Bosnia and Herzegovina,BIH,2003,4.5
Bosnia and Herzegovina,BIH,2004,5.98
Bosnia and Herzegovina,BIH,2005,6
Bosnia and Herzegovina,BIH,2006,5.84
Bosnia and Herzegovina,BIH,2007,3.99
Bosnia and Herzegovina,BIH,2008,4.87
Bosnia and Herzegovina,BIH,2009,6.24
Bosnia and Herzegovina,BIH,2010,8.03
Bosnia and Herzegovina,BIH,2011,4.39
Bosnia and Herzegovina,BIH,2012,4.15
Bosnia and Herzegovina,BIH,2013,7.24
Bosnia and Herzegovina,BIH,2014,5.94
Bosnia and Herzegovina,BIH,2015,5.55
Bosnia and Herzegovina,BIH,2016,5.61
Bosnia and Herzegovina,BIH,2017,3.82
Bosnia and Herzegovina,BIH,2018,6.55
Bosnia and Herzegovina,BIH,2019,6.39
Bosnia and Herzegovina,BIH,2020,4.9
Bosnia and Herzegovina,BIH,2021,7.18
Bosnia and Herzegovina,BIH,2022,5.24
Bosnia and Herzegovina,BIH,2023,7.4
Bosnia and Herzegovina,BIH,2024,6.25
Bosnia and Herzegovina,BIH,2025,6.29
Botswana,BWA,2000,0
Botswana,BWA,2001,0
Botswana,BWA,2002,0
Botswana,BWA,2003,0
Botswana,BWA,2004,0
Botswana,BWA,2005,0
Botswana,BWA,2006,0
Botswana,BWA,2007,0
Botswana,BWA,2008,0
Botswana,BWA,2009,0
Botswana,BWA,2010,0
Botswana,BWA,2011,0
Botswana,BWA,2012,0
Botswana,BWA,2013,0
Botswana,BWA,2014,0
Botswana,BWA,2015,0
Botswana,BWA,2016,0
Botswana,BWA,2017,0
Botswana,BWA,2018,0.01
Botswana,BWA,2019,0.01
Botswana,BWA,2020,0.01
Botswana,BWA,2021,0.01
Botswana,BWA,2022,0.01
Botswana,BWA,2023,0.01
Botswana,BWA,2024,0.01
Brazil,BRA,1990,210.56706
Brazil,BRA,1991,221.78162
Brazil,BRA,1992,228.27237
Brazil,BRA,1993,240.04893
Brazil,BRA,1994,248.09332
Brazil,BRA,1995,259.49884
Brazil,BRA,1996,272.4905
Brazil,BRA,1997,286.35547
Brazil,BRA,1998,298.9794
Brazil,BRA,1999,301.37802
Brazil,BRA,2000,312.26
Brazil,BRA,2001,276.93
Brazil,BRA,2002,296.42
Brazil,BRA,2003,317.62
Brazil,BRA,2004,333.38
Brazil,BRA,2005,351.19
Brazil,BRA,2006,363.89
Brazil,BRA,2007,392.74
Brazil,BRA,2008,390.53
Brazil,BRA,2009,415.11
Brazil,BRA,2010,437.41
Brazil,BRA,2011,463.66
Brazil,BRA,2012,456.16
Brazil,BRA,2013,438.54
Brazil,BRA,2014,432.75
Brazil,BRA,2015,431.31
Brazil,BRA,2016,465.82
Brazil,BRA,2017,467.02
Brazil,BRA,2018,495.29
Brazil,BRA,2019,515.44
Brazil,BRA,2020,522.92
Brazil,BRA,2021,507.87
Brazil,BRA,2022,593.89
Brazil,BRA,2023,630.19
Brazil,BRA,2024,651.26
Brazil,BRA,2025,649.97
British Virgin Islands,VGB,2000,0
British Virgin Islands,VGB,2001,0
British Virgin Islands,VGB,2002,0
British Virgin Islands,VGB,2003,0
British Virgin Islands,VGB,2004,0
British Virgin Islands,VGB,2005,0
British Virgin Islands,VGB,2006,0
British Virgin Islands,VGB,2007,0
British Virgin Islands,VGB,2008,0
British Virgin Islands,VGB,2009,0
British Virgin Islands,VGB,2010,0
British Virgin Islands,VGB,2011,0
British Virgin Islands,VGB,2012,0
British Virgin Islands,VGB,2013,0
British Virgin Islands,VGB,2014,0
British Virgin Islands,VGB,2015,0
British Virgin Islands,VGB,2016,0
British Virgin Islands,VGB,2017,0
British Virgin Islands,VGB,2018,0
British Virgin Islands,VGB,2019,0
British Virgin Islands,VGB,2020,0
British Virgin Islands,VGB,2021,0
British Virgin Islands,VGB,2022,0
British Virgin Islands,VGB,2023,0
Brunei,BRN,2000,0
Brunei,BRN,2001,0
Brunei,BRN,2002,0
Brunei,BRN,2003,0
Brunei,BRN,2004,0
Brunei,BRN,2005,0
Brunei,BRN,2006,0
Brunei,BRN,2007,0
Brunei,BRN,2008,0
Brunei,BRN,2009,0
Brunei,BRN,2010,0
Brunei,BRN,2011,0
Brunei,BRN,2012,0
Brunei,BRN,2013,0
Brunei,BRN,2014,0
Brunei,BRN,2015,0
Brunei,BRN,2016,0
Brunei,BRN,2017,0
Brunei,BRN,2018,0
Brunei,BRN,2019,0
Brunei,BRN,2020,0
Brunei,BRN,2021,0
Brunei,BRN,2022,0
Brunei,BRN,2023,0
Brunei,BRN,2024,0.01
Bulgaria,BGR,1990,1.63
Bulgaria,BGR,1991,2.27
Bulgaria,BGR,1992,1.9
Bulgaria,BGR,1993,1.79
Bulgaria,BGR,1994,1.3
Bulgaria,BGR,1995,2.17
Bulgaria,BGR,1996,2.89
Bulgaria,BGR,1997,2.72
Bulgaria,BGR,1998,3.07
Bulgaria,BGR,1999,2.73
Bulgaria,BGR,2000,2.63
Bulgaria,BGR,2001,1.65
Bulgaria,BGR,2002,2.12
Bulgaria,BGR,2003,2.99
Bulgaria,BGR,2004,3.14
Bulgaria,BGR,2005,4.3
Bulgaria,BGR,2006,4.23
Bulgaria,BGR,2007,2.88
Bulgaria,BGR,2008,2.93
Bulgaria,BGR,2009,3.68
Bulgaria,BGR,2010,5.76
Bulgaria,BGR,2011,3.89
Bulgaria,BGR,2012,5.25
Bulgaria,BGR,2013,6.91
Bulgaria,BGR,2014,7.39
Bulgaria,BGR,2015,8.75
Bulgaria,BGR,2016,7.04
Bulgaria,BGR,2017,6.13
Bulgaria,BGR,2018,9.38
Bulgaria,BGR,2019,7.49
Bulgaria,BGR,2020,7.47
Bulgaria,BGR,2021,10.31
Bulgaria,BGR,2022,9.63
Bulgaria,BGR,2023,10.05
Bulgaria,BGR,2024,11.46
Bulgaria,BGR,2025,12.45
Burkina Faso,BFA,2000,0.1
Burkina Faso,BFA,2001,0.05
Burkina Faso,BFA,2002,0.06
Burkina Faso,BFA,2003,0.1
Burkina Faso,BFA,2004,0.1
Burkina Faso,BFA,2005,0.1
Burkina Faso,BFA,2006,0.08
Burkina Faso,BFA,2007,0.11
Burkina Faso,BFA,2008,0.13
Burkina Faso,BFA,2009,0.13
Burkina Faso,BFA,2010,0.13
Burkina Faso,BFA,2011,0.09
Burkina Faso,BFA,2012,0.11
Burkina Faso,BFA,2013,0.12
Burkina Faso,BFA,2014,0.1
Burkina Faso,BFA,2015,0.1
Burkina Faso,BFA,2016,0.16
Burkina Faso,BFA,2017,0.16
Burkina Faso,BFA,2018,0.27
Burkina Faso,BFA,2019,0.26
Burkina Faso,BFA,2020,0.3
Burkina Faso,BFA,2021,0.31
Burkina Faso,BFA,2022,0.26
Burkina Faso,BFA,2023,0.27
Burkina Faso,BFA,2024,0.29
Burundi,BDI,2000,0.1
Burundi,BDI,2001,0.11
Burundi,BDI,2002,0.13
Burundi,BDI,2003,0.1
Burundi,BDI,2004,0.09
Burundi,BDI,2005,0.09
Burundi,BDI,2006,0.09
Burundi,BDI,2007,0.12
Burundi,BDI,2008,0.11
Burundi,BDI,2009,0.12
Burundi,BDI,2010,0.14
Burundi,BDI,2011,0.14
Burundi,BDI,2012,0.15
Burundi,BDI,2013,0.15
Burundi,BDI,2014,0.15
Burundi,BDI,2015,0.15
Burundi,BDI,2016,0.16
Burundi,BDI,2017,0.21
Burundi,BDI,2018,0.25
Burundi,BDI,2019,0.27
Burundi,BDI,2020,0.28
Burundi,BDI,2021,0.27
Burundi,BDI,2022,0.27
Burundi,BDI,2023,0.38
Burundi,BDI,2024,0.37
CIS (EI),,1965,81.434
CIS (EI),,1990,211.3036
CIS (EI),,1991,211.5233
CIS (EI),,1992,216.0635
CIS (EI),,1993,222.63899
CIS (EI),,1994,226.391
CIS (EI),,1995,220.3742
CIS (EI),,1996,198.873
CIS (EI),,1997,197.91101
CIS (EI),,1998,198.396
CIS (EI),,1999,203.222
CIS (EI),,2000,208.5112
CIS (EI),,2001,217.4235
CIS (EI),,2002,207.5032
CIS (EI),,2003,206.08797
CIS (EI),,2004,226.24535
CIS (EI),,2005,223.98064
CIS (EI),,2006,222.52763
CIS (EI),,2007,227.91826
CIS (EI),,2008,208.19688
CIS (EI),,2009,218.88727
CIS (EI),,2010,217.46881
CIS (EI),,2011,213.41444
CIS (EI),,2012,213.6589
CIS (EI),,2013,230.1112
CIS (EI),,2014,222.18085
CIS (EI),,2015,216.84749
CIS (EI),,2016,237.67595
CIS (EI),,2017,242.47812
CIS (EI),,2018,246.82213
CIS (EI),,2019,252.27345
CIS (EI),,2020,269.8213
CIS (EI),,2021,275.35236
CIS (EI),,2022,262.0849
CIS (EI),,2023,270.1082
CIS (EI),,2024,291.86325
CIS (EI),,2025,287.90433
Cambodia,KHM,2000,0.03
Cambodia,KHM,2001,0.03
Cambodia,KHM,2002,0.04
Cambodia,KHM,2003,0.04
Cambodia,KHM,2004,0.03
Cambodia,KHM,2005,0.04
Cambodia,KHM,2006,0.05
Cambodia,KHM,2007,0.05
Cambodia,KHM,2008,0.05
Cambodia,KHM,2009,0.06
Cambodia,KHM,2010,0.04
Cambodia,KHM,2011,0.06
Cambodia,KHM,2012,0.53
Cambodia,KHM,2013,1.03
Cambodia,KHM,2014,1.87
Cambodia,KHM,2015,2.2
Cambodia,KHM,2016,2.61
Cambodia,KHM,2017,2.77
Cambodia,KHM,2018,4.82
Cambodia,KHM,2019,4.21
Cambodia,KHM,2020,4.15
Cambodia,KHM,2021,5.7
Cambodia,KHM,2022,6.61
Cambodia,KHM,2023,5.73
Cambodia,KHM,2024,5.52
Cambodia,KHM,2025,7.26
Cameroon,CMR,2000,3.41
Cameroon,CMR,2001,3.44
Cameroon,CMR,2002,3.15
Cameroon,CMR,2003,3.49
Cameroon,CMR,2004,3.88
Cameroon,CMR,2005,3.73
Cameroon,CMR,2006,4.49
Cameroon,CMR,2007,3.89
Cameroon,CMR,2008,4.27
Cameroon,CMR,2009,4.05
Cameroon,CMR,2010,4.28
Cameroon,CMR,2011,4.41
Cameroon,CMR,2012,4.27
Cameroon,CMR,2013,4.4
Cameroon,CMR,2014,4.41
Cameroon,CMR,2015,4.37
Cameroon,CMR,2016,4.38
Cameroon,CMR,2017,5.1
Cameroon,CMR,2018,5.03
Cameroon,CMR,2019,5.09
Cameroon,CMR,2020,5.29
Cameroon,CMR,2021,5.29
Cameroon,CMR,2022,5.29
Cameroon,CMR,2023,5.29
Cameroon,CMR,2024,5.31
Canada,CAN,1990,299.63925
Canada,CAN,1991,311.26193
Canada,CAN,1992,319.7007
Canada,CAN,1993,327.09195
Canada,CAN,1994,333.64966
Canada,CAN,1995,341.26044
Canada,CAN,1996,362.18848
Canada,CAN,1997,356.91678
Canada,CAN,1998,339.9293
Canada,CAN,1999,354.1192
Canada,CAN,2000,365.96
Canada,CAN,2001,341.54
Canada,CAN,2002,359.75
Canada,CAN,2003,346.27
Canada,CAN,2004,349.15
Canada,CAN,2005,372.71
Canada,CAN,2006,364.32
Canada,CAN,2007,379.65
Canada,CAN,2008,389.3
Canada,CAN,2009,384.38
Canada,CAN,2010,370.67
Canada,CAN,2011,396.69
Canada,CAN,2012,403.37
Canada,CAN,2013,415.48
Canada,CAN,2014,407.24
Canada,CAN,2015,422.04
Canada,CAN,2016,430.73
Canada,CAN,2017,440.56
Canada,CAN,2018,433.39
Canada,CAN,2019,428.71
Canada,CAN,2020,436.79
Canada,CAN,2021,435.39
Canada,CAN,2022,452.47
Canada,CAN,2023,419.45
Canada,CAN,2024,409.28
Canada,CAN,2025,416.91
Cape Verde,CPV,2000,0.01
Cape Verde,CPV,2001,0.01
Cape Verde,CPV,2002,0.01
Cape Verde,CPV,2003,0
Cape Verde,CPV,2004,0.01
Cape Verde,CPV,2005,0.01
Cape Verde,CPV,2006,0.01
Cape Verde,CPV,2007,0.01
Cape Verde,CPV,2008,0.01
Cape Verde,CPV,2009,0.01
Cape Verde,CPV,2010,0
Cape Verde,CPV,2011,0.03
Cape Verde,CPV,2012,0.07
Cape Verde,CPV,2013,0.09
Cape Verde,CPV,2014,0.09
Cape Verde,CPV,2015,0.09
Cape Verde,CPV,2016,0.09
Cape Verde,CPV,2017,0.08
Cape Verde,CPV,2018,0.09
Cape Verde,CPV,2019,0.08
Cape Verde,CPV,2020,0.07
Cape Verde,CPV,2021,0.08
Cape Verde,CPV,2022,0.14
Cape Verde,CPV,2023,0.14
Cape Verde,CPV,2024,0.16
Cayman Islands,CYM,2000,0
Cayman Islands,CYM,2001,0
Cayman Islands,CYM,2002,0
Cayman Islands,CYM,2003,0
Cayman Islands,CYM,2004,0
Cayman Islands,CYM,2005,0
Cayman Islands,CYM,2006,0
Cayman Islands,CYM,2007,0
Cayman Islands,CYM,2008,0
Cayman Islands,CYM,2009,0
Cayman Islands,CYM,2010,0
Cayman Islands,CYM,2011,0
Cayman Islands,CYM,2012,0
Cayman Islands,CYM,2013,0
Cayman Islands,CYM,2014,0
Cayman Islands,CYM,2015,0
Cayman Islands,CYM,2016,0
Cayman Islands,CYM,2017,0.01
Cayman Islands,CYM,2018,0.01
Cayman Islands,CYM,2019,0.02
Cayman Islands,CYM,2020,0.02
Cayman Islands,CYM,2021,0.02
Cayman Islands,CYM,2022,0.02
Cayman Islands,CYM,2023,0.02
Cayman Islands,CYM,2024,0.03
Central African Republic,CAF,2000,0.08
Central African Republic,CAF,2001,0.08
Central African Republic,CAF,2002,0.08
Central African Republic,CAF,2003,0.08
Central African Republic,CAF,2004,0.12
Central African Republic,CAF,2005,0.13
Central African Republic,CAF,2006,0.14
Central African Republic,CAF,2007,0.14
Central African Republic,CAF,2008,0.14
Central African Republic,CAF,2009,0.14
Central African Republic,CAF,2010,0.13
Central African Republic,CAF,2011,0.15
Central African Republic,CAF,2012,0.15
Central African Republic,CAF,2013,0.14
Central African Republic,CAF,2014,0.17
Central African Republic,CAF,2015,0.17
Central African Republic,CAF,2016,0.17
Central African Republic,CAF,2017,0.15
Central African Republic,CAF,2018,0.15
Central African Republic,CAF,2019,0.15
Central African Republic,CAF,2020,0.15
Central African Republic,CAF,2021,0.15
Central African Republic,CAF,2022,0.14
Central African Republic,CAF,2023,0.14
Chad,TCD,2000,0
Chad,TCD,2001,0
Chad,TCD,2002,0
Chad,TCD,2003,0
Chad,TCD,2004,0
Chad,TCD,2005,0
Chad,TCD,2006,0
Chad,TCD,2007,0
Chad,TCD,2008,0
Chad,TCD,2009,0
Chad,TCD,2010,0
Chad,TCD,2011,0
Chad,TCD,2012,0.01
Chad,TCD,2013,0.01
Chad,TCD,2014,0.01
Chad,TCD,2015,0.01
Chad,TCD,2016,0.02
Chad,TCD,2017,0.02
Chad,TCD,2018,0.02
Chad,TCD,2019,0.02
Chad,TCD,2020,0.02
Chad,TCD,2021,0.02
Chad,TCD,2022,0.02
Chad,TCD,2023,0.02
Chad,TCD,2024,0.02
Chile,CHL,1990,9.9044285
Chile,CHL,1991,14.168654
Chile,CHL,1992,18.48315
Chile,CHL,1993,18.967321
Chile,CHL,1994,18.771471
Chile,CHL,1995,20.292738
Chile,CHL,1996,18.61147
Chile,CHL,1997,20.686148
Chile,CHL,1998,17.098255
Chile,CHL,1999,15.026999
Chile,CHL,2000,20.49
Chile,CHL,2001,22.87
Chile,CHL,2002,23.99
Chile,CHL,2003,23.28
Chile,CHL,2004,23.8
Chile,CHL,2005,28.02
Chile,CHL,2006,30.28
Chile,CHL,2007,25.61
Chile,CHL,2008,27.07
Chile,CHL,2009,29.39
Chile,CHL,2010,24.22
Chile,CHL,2011,25.95
Chile,CHL,2012,25.24
Chile,CHL,2013,26
Chile,CHL,2014,30.06
Chile,CHL,2015,32.36
Chile,CHL,2016,33.81
Chile,CHL,2017,34.37
Chile,CHL,2018,37.5
Chile,CHL,2019,38.81
Chile,CHL,2020,40.49
Chile,CHL,2021,43.07
Chile,CHL,2022,50.37
Chile,CHL,2023,56.34
Chile,CHL,2024,62.07
Chile,CHL,2025,58.74
China,CHN,1971,29.075233
China,CHN,1972,32.951046
China,CHN,1973,36.82686
China,CHN,1974,41.674942
China,CHN,1975,43.610638
China,CHN,1976,44.194
China,CHN,1977,46.134117
China,CHN,1978,43.22615
China,CHN,1979,48.555946
China,CHN,1980,58.221176
China,CHN,1981,65.51318
China,CHN,1982,74.41386
China,CHN,1983,86.41695
China,CHN,1984,86.8147
China,CHN,1985,92.38756
China,CHN,1986,94.548645
China,CHN,1987,100.02428
China,CHN,1988,109.16802
China,CHN,1989,118.40898
China,CHN,1990,126.812
China,CHN,1991,124.76404
China,CHN,1992,130.9334
China,CHN,1993,152.17928
China,CHN,1994,168.2778
China,CHN,1995,194.21716
China,CHN,1996,189.60594
China,CHN,1997,198.91098
China,CHN,1998,201.73955
China,CHN,1999,199.59074
China,CHN,2000,225.56
China,CHN,2001,280.73
China,CHN,2002,291.41
China,CHN,2003,287.28
China,CHN,2004,357.43
China,CHN,2005,404.37
China,CHN,2006,446.72
China,CHN,2007,500.71
China,CHN,2008,665.08
China,CHN,2009,664.39
China,CHN,2010,786.38
China,CHN,2011,792.38
China,CHN,2012,999.56
China,CHN,2013,1093.37
China,CHN,2014,1289.23
China,CHN,2015,1393.66
China,CHN,2016,1522.79
China,CHN,2017,1667.06
China,CHN,2018,1835.39
China,CHN,2019,2014.64
China,CHN,2020,2185.01
China,CHN,2021,2448.8
China,CHN,2022,2670.66
China,CHN,2023,2894.22
China,CHN,2024,3398.83
China,CHN,2025,3920.47
Colombia,COL,1990,27.769852
Colombia,COL,1991,27.995079
Colombia,COL,1992,22.620584
Colombia,COL,1993,28.245392
Colombia,COL,1994,32.50239
Colombia,COL,1995,32.4664
Colombia,COL,1996,35.783623
Colombia,COL,1997,31.95876
Colombia,COL,1998,31.313684
Colombia,COL,1999,34.157658
Colombia,COL,2000,32.26
Colombia,COL,2001,31.99
Colombia,COL,2002,34.13
Colombia,COL,2003,36.32
Colombia,COL,2004,40.21
Colombia,COL,2005,39.96
Colombia,COL,2006,42.91
Colombia,COL,2007,44.59
Colombia,COL,2008,46.54
Colombia,COL,2009,41.25
Colombia,COL,2010,42.47
Colombia,COL,2011,50.44
Colombia,COL,2012,49.12
Colombia,COL,2013,50.88
Colombia,COL,2014,48.68
Colombia,COL,2015,49.39
Colombia,COL,2016,49.98
Colombia,COL,2017,62.07
Colombia,COL,2018,59.7
Colombia,COL,2019,54.74
Colombia,COL,2020,50.79
Colombia,COL,2021,63.33
Colombia,COL,2022,61.61
Colombia,COL,2023,58
Colombia,COL,2024,54.68
Colombia,COL,2025,69.6
Comoros,COM,2000,0
Comoros,COM,2001,0
Comoros,COM,2002,0
Comoros,COM,2003,0
Comoros,COM,2004,0
Comoros,COM,2005,0
Comoros,COM,2006,0
Comoros,COM,2007,0
Comoros,COM,2008,0
Comoros,COM,2009,0
Comoros,COM,2010,0
Comoros,COM,2011,0
Comoros,COM,2012,0
Comoros,COM,2013,0
Comoros,COM,2014,0
Comoros,COM,2015,0
Comoros,COM,2016,0
Comoros,COM,2017,0
Comoros,COM,2018,0
Comoros,COM,2019,0
Comoros,COM,2020,0
Comoros,COM,2021,0
Comoros,COM,2022,0
Comoros,COM,2023,0
Congo,COG,2000,0.29
Congo,COG,2001,0.33
Congo,COG,2002,0.39
Congo,COG,2003,0.34
Congo,COG,2004,0.33
Congo,COG,2005,0.35
Congo,COG,2006,0.37
Congo,COG,2007,0.33
Congo,COG,2008,0.37
Congo,COG,2009,0.33
Congo,COG,2010,0.46
Congo,COG,2011,0.81
Congo,COG,2012,1.01
Congo,COG,2013,0.99
Congo,COG,2014,0.97
Congo,COG,2015,1.12
Congo,COG,2016,1.15
Congo,COG,2017,1.22
Congo,COG,2018,1.08
Congo,COG,2019,1.08
Congo,COG,2020,1.08
Congo,COG,2021,1.08
Congo,COG,2022,1.08
Congo,COG,2023,1.26
Congo,COG,2024,1.14
Cook Islands,COK,2000,0
Cook Islands,COK,2001,0
Cook Islands,COK,2002,0
Cook Islands,COK,2003,0
Cook Islands,COK,2004,0
Cook Islands,COK,2005,0
Cook Islands,COK,2006,0
Cook Islands,COK,2007,0
Cook Islands,COK,2008,0
Cook Islands,COK,2009,0
Cook Islands,COK,2010,0
Cook Islands,COK,2011,0
Cook Islands,COK,2012,0
Cook Islands,COK,2013,0
Cook Islands,COK,2014,0
Cook Islands,COK,2015,0
Cook Islands,COK,2016,0
Cook Islands,COK,2017,0.01
Cook Islands,COK,2018,0.02
Cook Islands,COK,2019,0.01
Cook Islands,COK,2020,0.01
Cook Islands,COK,2021,0.02
Cook Islands,COK,2022,0.02
Cook Islands,COK,2023,0.02
Cook Islands,COK,2024,0.02
Costa Rica,CRI,2000,6.8
Costa Rica,CRI,2001,6.8
Costa Rica,CRI,2002,7.3
Costa Rica,CRI,2003,7.14
Costa Rica,CRI,2004,7.91
Costa Rica,CRI,2005,7.92
Costa Rica,CRI,2006,8.09
Costa Rica,CRI,2007,8.26
Costa Rica,CRI,2008,8.72
Costa Rica,CRI,2009,8.79
Costa Rica,CRI,2010,8.87
Costa Rica,CRI,2011,8.89
Costa Rica,CRI,2012,9.28
Costa Rica,CRI,2013,8.99
Costa Rica,CRI,2014,9.13
Costa Rica,CRI,2015,10.66
Costa Rica,CRI,2016,10.67
Costa Rica,CRI,2017,11.24
Costa Rica,CRI,2018,11.28
Costa Rica,CRI,2019,11.32
Costa Rica,CRI,2020,11.7
Costa Rica,CRI,2021,12.73
Costa Rica,CRI,2022,12.44
Costa Rica,CRI,2023,11.71
Costa Rica,CRI,2024,10.99
Costa Rica,CRI,2025,12.81
Cote d'Ivoire,CIV,2000,1.75
Cote d'Ivoire,CIV,2001,1.78
Cote d'Ivoire,CIV,2002,1.71
Cote d'Ivoire,CIV,2003,1.81
Cote d'Ivoire,CIV,2004,1.84
Cote d'Ivoire,CIV,2005,1.53
Cote d'Ivoire,CIV,2006,1.6
Cote d'Ivoire,CIV,2007,1.9
Cote d'Ivoire,CIV,2008,2
Cote d'Ivoire,CIV,2009,2.18
Cote d'Ivoire,CIV,2010,1.67
Cote d'Ivoire,CIV,2011,1.82
Cote d'Ivoire,CIV,2012,1.84
Cote d'Ivoire,CIV,2013,1.66
Cote d'Ivoire,CIV,2014,1.96
Cote d'Ivoire,CIV,2015,1.44
Cote d'Ivoire,CIV,2016,1.68
Cote d'Ivoire,CIV,2017,2.15
Cote d'Ivoire,CIV,2018,3
Cote d'Ivoire,CIV,2019,3.53
Cote d'Ivoire,CIV,2020,3.44
Cote d'Ivoire,CIV,2021,2.71
Cote d'Ivoire,CIV,2022,3.45
Cote d'Ivoire,CIV,2023,3.31
Cote d'Ivoire,CIV,2024,3.12
Croatia,HRV,1990,3.93
Croatia,HRV,1991,5.54
Croatia,HRV,1992,4.36
Croatia,HRV,1993,4.57
Croatia,HRV,1994,5.44
Croatia,HRV,1995,5.69
Croatia,HRV,1996,7.87
Croatia,HRV,1997,5.85
Croatia,HRV,1998,6.03
Croatia,HRV,1999,7.34
Croatia,HRV,2000,6.45
Croatia,HRV,2001,7.18
Croatia,HRV,2002,5.85
Croatia,HRV,2003,5.46
Croatia,HRV,2004,7.63
Croatia,HRV,2005,7.06
Croatia,HRV,2006,6.65
Croatia,HRV,2007,4.74
Croatia,HRV,2008,5.84
Croatia,HRV,2009,7.48
Croatia,HRV,2010,9.3
Croatia,HRV,2011,5.28
Croatia,HRV,2012,5.26
Croatia,HRV,2013,9.28
Croatia,HRV,2014,9.94
Croatia,HRV,2015,7.52
Croatia,HRV,2016,8.36
Croatia,HRV,2017,7.12
Croatia,HRV,2018,9.78
Croatia,HRV,2019,8.35
Croatia,HRV,2020,8.55
Croatia,HRV,2021,10.53
Croatia,HRV,2022,8.95
Croatia,HRV,2023,12.23
Croatia,HRV,2024,11.23
Croatia,HRV,2025,11.21
Cuba,CUB,2000,1.03
Cuba,CUB,2001,1
Cuba,CUB,2002,1.04
Cuba,CUB,2003,0.85
Cuba,CUB,2004,0.88
Cuba,CUB,2005,0.49
Cuba,CUB,2006,0.5
Cuba,CUB,2007,0.53
Cuba,CUB,2008,0.7
Cuba,CUB,2009,0.69
Cuba,CUB,2010,0.57
Cuba,CUB,2011,0.57
Cuba,CUB,2012,0.69
Cuba,CUB,2013,0.94
Cuba,CUB,2014,0.85
Cuba,CUB,2015,0.9
Cuba,CUB,2016,0.91
Cuba,CUB,2017,0.8
Cuba,CUB,2018,0.72
Cuba,CUB,2019,0.89
Cuba,CUB,2020,0.9
Cuba,CUB,2021,0.79
Cuba,CUB,2022,0.67
Cuba,CUB,2023,0.72
Cuba,CUB,2024,0.78
Cyprus,CYP,1990,0
Cyprus,CYP,1991,0
Cyprus,CYP,1992,0
Cyprus,CYP,1993,0
Cyprus,CYP,1994,0
Cyprus,CYP,1995,0
Cyprus,CYP,1996,0
Cyprus,CYP,1997,0
Cyprus,CYP,1998,0
Cyprus,CYP,1999,0
Cyprus,CYP,2000,0
Cyprus,CYP,2001,0
Cyprus,CYP,2002,0
Cyprus,CYP,2003,0
Cyprus,CYP,2004,0
Cyprus,CYP,2005,0
Cyprus,CYP,2006,0
Cyprus,CYP,2007,0
Cyprus,CYP,2008,0.01
Cyprus,CYP,2009,0.03
Cyprus,CYP,2010,0.08
Cyprus,CYP,2011,0.17
Cyprus,CYP,2012,0.26
Cyprus,CYP,2013,0.33
Cyprus,CYP,2014,0.31
Cyprus,CYP,2015,0.4
Cyprus,CYP,2016,0.43
Cyprus,CYP,2017,0.43
Cyprus,CYP,2018,0.48
Cyprus,CYP,2019,0.52
Cyprus,CYP,2020,0.6
Cyprus,CYP,2021,0.78
Cyprus,CYP,2022,0.88
Cyprus,CYP,2023,1.09
Cyprus,CYP,2024,1.39
Cyprus,CYP,2025,1.64
Czechia,CZE,1990,1.16
Czechia,CZE,1991,1.09
Czechia,CZE,1992,1.4
Czechia,CZE,1993,1.53
Czechia,CZE,1994,1.78
Czechia,CZE,1995,2.41
Czechia,CZE,1996,2.26
Czechia,CZE,1997,2.19
Czechia,CZE,1998,1.99
Czechia,CZE,1999,2.36
Czechia,CZE,2000,2.28
Czechia,CZE,2001,2.57
Czechia,CZE,2002,2.99
Czechia,CZE,2003,1.87
Czechia,CZE,2004,2.74
Czechia,CZE,2005,3.13
Czechia,CZE,2006,3.52
Czechia,CZE,2007,3.42
Czechia,CZE,2008,3.72
Czechia,CZE,2009,4.66
Czechia,CZE,2010,5.91
Czechia,CZE,2011,7.24
Czechia,CZE,2012,8.07
Czechia,CZE,2013,9.3
Czechia,CZE,2014,9.17
Czechia,CZE,2015,9.41
Czechia,CZE,2016,9.39
Czechia,CZE,2017,9.63
Czechia,CZE,2018,9.43
Czechia,CZE,2019,10.06
Czechia,CZE,2020,10.34
Czechia,CZE,2021,10.64
Czechia,CZE,2022,10.77
Czechia,CZE,2023,11.14
Czechia,CZE,2024,12.3
Czechia,CZE,2025,12.72
Democratic Republic of Congo,COD,2000,5.94
Democratic Republic of Congo,COD,2001,5.91
Democratic Republic of Congo,COD,2002,6.05
Democratic Republic of Congo,COD,2003,6.1
Democratic Republic of Congo,COD,2004,7.01
Democratic Republic of Congo,COD,2005,7.32
Democratic Republic of Congo,COD,2006,7.45
Democratic Republic of Congo,COD,2007,7.74
Democratic Republic of Congo,COD,2008,7.41
Democratic Republic of Congo,COD,2009,7.72
Democratic Republic of Congo,COD,2010,7.74
Democratic Republic of Congo,COD,2011,7.73
Democratic Republic of Congo,COD,2012,7.51
Democratic Republic of Congo,COD,2013,8.15
Democratic Republic of Congo,COD,2014,8.73
Democratic Republic of Congo,COD,2015,8.83
Democratic Republic of Congo,COD,2016,9.01
Democratic Republic of Congo,COD,2017,9.41
Democratic Republic of Congo,COD,2018,10.45
Democratic Republic of Congo,COD,2019,11.78
Democratic Republic of Congo,COD,2020,12.48
Democratic Republic of Congo,COD,2021,14.19
Democratic Republic of Congo,COD,2022,15.31
Democratic Republic of Congo,COD,2023,15.63
Democratic Republic of Congo,COD,2024,15.92
Denmark,DNK,1990,0.83
Denmark,DNK,1991,1.06
Denmark,DNK,1992,1.36
Denmark,DNK,1993,1.61
Denmark,DNK,1994,1.74
Denmark,DNK,1995,1.86
Denmark,DNK,1996,2.08
Denmark,DNK,1997,2.93
Denmark,DNK,1998,3.93
Denmark,DNK,1999,4.38
Denmark,DNK,2000,5.57
Denmark,DNK,2001,5.85
Denmark,DNK,2002,6.79
Denmark,DNK,2003,8.07
Denmark,DNK,2004,9.53
Denmark,DNK,2005,9.8
Denmark,DNK,2006,9.19
Denmark,DNK,2007,10.3
Denmark,DNK,2008,10.1
Denmark,DNK,2009,10.07
Denmark,DNK,2010,12.43
Denmark,DNK,2011,14.17
Denmark,DNK,2012,14.84
Denmark,DNK,2013,15.96
Denmark,DNK,2014,17.99
Denmark,DNK,2015,18.93
Denmark,DNK,2016,18.39
Denmark,DNK,2017,21.8
Denmark,DNK,2018,20.75
Denmark,DNK,2019,23.07
Denmark,DNK,2020,23.45
Denmark,DNK,2021,26.1
Denmark,DNK,2022,28.43
Denmark,DNK,2023,29.28
Denmark,DNK,2024,31.27
Denmark,DNK,2025,30.36
Djibouti,DJI,2000,0
Djibouti,DJI,2001,0
Djibouti,DJI,2002,0
Djibouti,DJI,2003,0
Djibouti,DJI,2004,0
Djibouti,DJI,2005,0
Djibouti,DJI,2006,0
Djibouti,DJI,2007,0
Djibouti,DJI,2008,0
Djibouti,DJI,2009,0
Djibouti,DJI,2010,0
Djibouti,DJI,2011,0
Djibouti,DJI,2012,0
Djibouti,DJI,2013,0
Djibouti,DJI,2014,0
Djibouti,DJI,2015,0
Djibouti,DJI,2016,0
Djibouti,DJI,2017,0
Djibouti,DJI,2018,0
Djibouti,DJI,2019,0
Djibouti,DJI,2020,0
Djibouti,DJI,2021,0.07
Djibouti,DJI,2022,0.07
Djibouti,DJI,2023,0.07
Djibouti,DJI,2024,0.07
Dominica,DMA,2000,0.03
Dominica,DMA,2001,0.03
Dominica,DMA,2002,0.03
Dominica,DMA,2003,0.03
Dominica,DMA,2004,0.03
Dominica,DMA,2005,0.03
Dominica,DMA,2006,0.03
Dominica,DMA,2007,0.02
Dominica,DMA,2008,0.02
Dominica,DMA,2009,0.02
Dominica,DMA,2010,0.02
Dominica,DMA,2011,0.04
Dominica,DMA,2012,0.03
Dominica,DMA,2013,0.04
Dominica,DMA,2014,0.03
Dominica,DMA,2015,0.02
Dominica,DMA,2016,0.04
Dominica,DMA,2017,0.03
Dominica,DMA,2018,0.02
Dominica,DMA,2019,0.02
Dominica,DMA,2020,0.02
Dominica,DMA,2021,0.02
Dominica,DMA,2022,0.02
Dominica,DMA,2023,0.02
Dominican Republic,DOM,2000,0.91
Dominican Republic,DOM,2001,0.86
Dominican Republic,DOM,2002,1.04
Dominican Republic,DOM,2003,1.36
Dominican Republic,DOM,2004,1.74
Dominican Republic,DOM,2005,2.06
Dominican Republic,DOM,2006,1.91
Dominican Republic,DOM,2007,1.86
Dominican Republic,DOM,2008,1.54
Dominican Republic,DOM,2009,1.62
Dominican Republic,DOM,2010,1.59
Dominican Republic,DOM,2011,1.7
Dominican Republic,DOM,2012,2.05
Dominican Republic,DOM,2013,2.31
Dominican Republic,DOM,2014,1.75
Dominican Republic,DOM,2015,1.42
Dominican Republic,DOM,2016,2.08
Dominican Republic,DOM,2017,3.04
Dominican Republic,DOM,2018,2.7
Dominican Republic,DOM,2019,2.67
Dominican Republic,DOM,2020,3.15
Dominican Republic,DOM,2021,3.81
Dominican Republic,DOM,2022,4.09
Dominican Republic,DOM,2023,4.24
Dominican Republic,DOM,2024,4.53
Dominican Republic,DOM,2025,5.4
EU (Ember),,1990,301.91
EU (Ember),,1991,314.86
EU (Ember),,1992,328.28
EU (Ember),,1993,338.54
EU (Ember),,1994,350.51
EU (Ember),,1995,352.74
EU (Ember),,1996,355.33
EU (Ember),,1997,366.69
EU (Ember),,1998,384.7
EU (Ember),,1999,386.33
EU (Ember),,2000,406.9
EU (Ember),,2001,436.34
EU (Ember),,2002,389.99
EU (Ember),,2003,397.43
EU (Ember),,2004,440.16
EU (Ember),,2005,443.47
EU (Ember),,2006,467.19
EU (Ember),,2007,496.17
EU (Ember),,2008,540.65
EU (Ember),,2009,571.06
EU (Ember),,2010,652.75
EU (Ember),,2011,645.95
EU (Ember),,2012,728.87
EU (Ember),,2013,806.9
EU (Ember),,2014,837.16
EU (Ember),,2015,855.94
EU (Ember),,2016,871.32
EU (Ember),,2017,874.22
EU (Ember),,2018,941.33
EU (Ember),,2019,978.84
EU (Ember),,2020,1059.79
EU (Ember),,2021,1076.83
EU (Ember),,2022,1079.98
EU (Ember),,2023,1226.1
EU (Ember),,2024,1331.49
EU (Ember),,2025,1334.98
East Timor,TLS,2003,0
East Timor,TLS,2004,0
East Timor,TLS,2005,0
East Timor,TLS,2006,0
East Timor,TLS,2007,0
East Timor,TLS,2008,0
East Timor,TLS,2009,0
East Timor,TLS,2010,0
East Timor,TLS,2011,0
East Timor,TLS,2012,0
East Timor,TLS,2013,0
East Timor,TLS,2014,0
East Timor,TLS,2015,0
East Timor,TLS,2016,0
East Timor,TLS,2017,0
East Timor,TLS,2018,0
East Timor,TLS,2019,0
East Timor,TLS,2020,0
East Timor,TLS,2021,0
East Timor,TLS,2022,0
East Timor,TLS,2023,0
East Timor,TLS,2024,0
Ecuador,ECU,1990,4.9866877
Ecuador,ECU,1991,5.075921
Ecuador,ECU,1992,4.973581
Ecuador,ECU,1993,5.8101373
Ecuador,ECU,1994,6.5652776
Ecuador,ECU,1995,5.160551
Ecuador,ECU,1996,6.3434153
Ecuador,ECU,1997,6.5341773
Ecuador,ECU,1998,6.5060954
Ecuador,ECU,1999,7.176726
Ecuador,ECU,2000,7.53
Ecuador,ECU,2001,7
Ecuador,ECU,2002,7.45
Ecuador,ECU,2003,7.11
Ecuador,ECU,2004,7.34
Ecuador,ECU,2005,6.83
Ecuador,ECU,2006,7.08
Ecuador,ECU,2007,8.97
Ecuador,ECU,2008,11.2
Ecuador,ECU,2009,9.15
Ecuador,ECU,2010,8.57
Ecuador,ECU,2011,11.03
Ecuador,ECU,2012,12.14
Ecuador,ECU,2013,11.03
Ecuador,ECU,2014,11.5
Ecuador,ECU,2015,13.2
Ecuador,ECU,2016,16.29
Ecuador,ECU,2017,20.46
Ecuador,ECU,2018,21.02
Ecuador,ECU,2019,25.24
Ecuador,ECU,2020,24.92
Ecuador,ECU,2021,26.08
Ecuador,ECU,2022,25.13
Ecuador,ECU,2023,26.37
Ecuador,ECU,2024,23.66
Ecuador,ECU,2025,29.06
Egypt,EGY,1990,9.953
Egypt,EGY,1991,9.916
Egypt,EGY,1992,9.8
Egypt,EGY,1993,10.0925
Egypt,EGY,1994,10.728
Egypt,EGY,1995,11.192
Egypt,EGY,1996,11.484
Egypt,EGY,1997,11.771
Egypt,EGY,1998,12.1045
Egypt,EGY,1999,13.4525
Egypt,EGY,2000,14.26
Egypt,EGY,2001,14.59
Egypt,EGY,2002,14.2
Egypt,EGY,2003,13.23
Egypt,EGY,2004,13.33
Egypt,EGY,2005,13.15
Egypt,EGY,2006,13.39
Egypt,EGY,2007,14.88
Egypt,EGY,2008,16.03
Egypt,EGY,2009,14.81
Egypt,EGY,2010,14.39
Egypt,EGY,2011,14.72
Egypt,EGY,2012,14.87
Egypt,EGY,2013,14.85
Egypt,EGY,2014,14.76
Egypt,EGY,2015,15.61
Egypt,EGY,2016,15.83
Egypt,EGY,2017,15.5
Egypt,EGY,2018,16.46
Egypt,EGY,2019,19.59
Egypt,EGY,2020,23.76
Egypt,EGY,2021,25.36
Egypt,EGY,2022,25.61
Egypt,EGY,2023,25.97
Egypt,EGY,2024,26.58
Egypt,EGY,2025,31.98
El Salvador,SLV,2000,2.04
El Salvador,SLV,2001,2.21
El Salvador,SLV,2002,2.23
El Salvador,SLV,2003,2.63
El Salvador,SLV,2004,2.55
El Salvador,SLV,2005,2.9
El Salvador,SLV,2006,3.34
El Salvador,SLV,2007,3.39
El Salvador,SLV,2008,3.86
El Salvador,SLV,2009,3.32
El Salvador,SLV,2010,3.96
El Salvador,SLV,2011,3.92
El Salvador,SLV,2012,3.82
El Salvador,SLV,2013,3.84
El Salvador,SLV,2014,3.79
El Salvador,SLV,2015,3.54
El Salvador,SLV,2016,3.66
El Salvador,SLV,2017,4.15
El Salvador,SLV,2018,4.24
El Salvador,SLV,2019,4.41
El Salvador,SLV,2020,5.45
El Salvador,SLV,2021,6.1
El Salvador,SLV,2022,6.02
El Salvador,SLV,2023,5.25
El Salvador,SLV,2024,5.93
El Salvador,SLV,2025,5.59
Equatorial Guinea,GNQ,2000,0.01
Equatorial Guinea,GNQ,2001,0.01
Equatorial Guinea,GNQ,2002,0.01
Equatorial Guinea,GNQ,2003,0.01
Equatorial Guinea,GNQ,2004,0.01
Equatorial Guinea,GNQ,2005,0.01
Equatorial Guinea,GNQ,2006,0.01
Equatorial Guinea,GNQ,2007,0.01
Equatorial Guinea,GNQ,2008,0.05
Equatorial Guinea,GNQ,2009,0.05
Equatorial Guinea,GNQ,2010,0.03
Equatorial Guinea,GNQ,2011,0.03
Equatorial Guinea,GNQ,2012,0.08
Equatorial Guinea,GNQ,2013,0.25
Equatorial Guinea,GNQ,2014,0.38
Equatorial Guinea,GNQ,2015,0.47
Equatorial Guinea,GNQ,2016,0.47
Equatorial Guinea,GNQ,2017,0.44
Equatorial Guinea,GNQ,2018,0.44
Equatorial Guinea,GNQ,2019,0.45
Equatorial Guinea,GNQ,2020,0.49
Equatorial Guinea,GNQ,2021,0.47
Equatorial Guinea,GNQ,2022,0.48
Equatorial Guinea,GNQ,2023,0.35
Equatorial Guinea,GNQ,2024,0.4
Eritrea,ERI,2000,0
Eritrea,ERI,2001,0
Eritrea,ERI,2002,0
Eritrea,ERI,2003,0
Eritrea,ERI,2004,0
Eritrea,ERI,2005,0
Eritrea,ERI,2006,0
Eritrea,ERI,2007,0
Eritrea,ERI,2008,0
Eritrea,ERI,2009,0
Eritrea,ERI,2010,0
Eritrea,ERI,2011,0
Eritrea,ERI,2012,0
Eritrea,ERI,2013,0
Eritrea,ERI,2014,0
Eritrea,ERI,2015,0
Eritrea,ERI,2016,0
Eritrea,ERI,2017,0.01
Eritrea,ERI,2018,0.05
Eritrea,ERI,2019,0.05
Eritrea,ERI,2020,0.05
Eritrea,ERI,2021,0.05
Eritrea,ERI,2022,0.05
Eritrea,ERI,2023,0.05
Eritrea,ERI,2024,0.05
Estonia,EST,1990,0
Estonia,EST,1991,0
Estonia,EST,1992,0
Estonia,EST,1993,0
Estonia,EST,1994,0
Estonia,EST,1995,0.01
Estonia,EST,1996,0
Estonia,EST,1997,0.01
Estonia,EST,1998,0.01
Estonia,EST,1999,0.01
Estonia,EST,2000,0.01
Estonia,EST,2001,0.02
Estonia,EST,2002,0.03
Estonia,EST,2003,0.05
Estonia,EST,2004,0.06
Estonia,EST,2005,0.11
Estonia,EST,2006,0.13
Estonia,EST,2007,0.14
Estonia,EST,2008,0.2
Estonia,EST,2009,0.54
Estonia,EST,2010,1.05
Estonia,EST,2011,1.18
Estonia,EST,2012,1.47
Estonia,EST,2013,1.23
Estonia,EST,2014,1.39
Estonia,EST,2015,1.56
Estonia,EST,2016,1.59
Estonia,EST,2017,1.86
Estonia,EST,2018,1.99
Estonia,EST,2019,2.14
Estonia,EST,2020,2.97
Estonia,EST,2021,2.87
Estonia,EST,2022,2.86
Estonia,EST,2023,2.8
Estonia,EST,2024,3.49
Estonia,EST,2025,3.64
Eswatini,SWZ,2000,0.65
Eswatini,SWZ,2001,0.69
Eswatini,SWZ,2002,0.69
Eswatini,SWZ,2003,0.61
Eswatini,SWZ,2004,0.55
Eswatini,SWZ,2005,0.6
Eswatini,SWZ,2006,0.67
Eswatini,SWZ,2007,0.69
Eswatini,SWZ,2008,0.67
Eswatini,SWZ,2009,0.64
Eswatini,SWZ,2010,0.72
Eswatini,SWZ,2011,0.56
Eswatini,SWZ,2012,0.48
Eswatini,SWZ,2013,0.56
Eswatini,SWZ,2014,0.46
Eswatini,SWZ,2015,0.36
Eswatini,SWZ,2016,0.33
Eswatini,SWZ,2017,0.41
Eswatini,SWZ,2018,0.47
Eswatini,SWZ,2019,0.45
Eswatini,SWZ,2020,0.47
Eswatini,SWZ,2021,0.49
Eswatini,SWZ,2022,0.53
Eswatini,SWZ,2023,0.64
Eswatini,SWZ,2024,0.59
Ethiopia,ETH,2000,1.67
Ethiopia,ETH,2001,2.02
Ethiopia,ETH,2002,2.04
Ethiopia,ETH,2003,2.31
Ethiopia,ETH,2004,2.55
Ethiopia,ETH,2005,2.87
Ethiopia,ETH,2006,3.29
Ethiopia,ETH,2007,3.39
Ethiopia,ETH,2008,3.32
Ethiopia,ETH,2009,3.56
Ethiopia,ETH,2010,4.96
Ethiopia,ETH,2011,6.29
Ethiopia,ETH,2012,7.55
Ethiopia,ETH,2013,8.66
Ethiopia,ETH,2014,9.47
Ethiopia,ETH,2015,10.39
Ethiopia,ETH,2016,12.47
Ethiopia,ETH,2017,13.12
Ethiopia,ETH,2018,14.23
Ethiopia,ETH,2019,15.3
Ethiopia,ETH,2020,15.61
Ethiopia,ETH,2021,15.78
Ethiopia,ETH,2022,17.41
Ethiopia,ETH,2023,17.77
Ethiopia,ETH,2024,25.2
Ethiopia,ETH,2025,33.37
Europe,OWID_EUR,1965,384.35934
Europe,OWID_EUR,1966,418.03378
Europe,OWID_EUR,1967,414.96796
Europe,OWID_EUR,1968,441.91986
Europe,OWID_EUR,1969,447.9569
Europe,OWID_EUR,1970,474.37463
Europe,OWID_EUR,1971,480.12183
Europe,OWID_EUR,1972,490.47537
Europe,OWID_EUR,1973,496.52072
Europe,OWID_EUR,1974,535.80054
Europe,OWID_EUR,1975,535.89514
Europe,OWID_EUR,1976,512.5195
Europe,OWID_EUR,1977,603.3756
Europe,OWID_EUR,1978,625.13306
Europe,OWID_EUR,1979,650.50793
Europe,OWID_EUR,1980,647.9719
Europe,OWID_EUR,1981,655.21735
Europe,OWID_EUR,1982,636.67456
Europe,OWID_EUR,1983,659.3119
Europe,OWID_EUR,1984,685.28296
Europe,OWID_EUR,1985,661.73944
Europe,OWID_EUR,1986,650.6775
Europe,OWID_EUR,1987,685.40436
Europe,OWID_EUR,1988,712.36017
Europe,OWID_EUR,1989,649.54114
Europe,OWID_EUR,1990,665.7816
Europe,OWID_EUR,1991,678.5329
Europe,OWID_EUR,1992,697.7599
Europe,OWID_EUR,1993,715.7698
Europe,OWID_EUR,1994,729.4072
Europe,OWID_EUR,1995,735.70435
Europe,OWID_EUR,1996,693.3534
Europe,OWID_EUR,1997,724.3469
Europe,OWID_EUR,1998,756.8561
Europe,OWID_EUR,1999,775.7169
Europe,OWID_EUR,2000,800.83
Europe,OWID_EUR,2001,822.58
Europe,OWID_EUR,2002,767.22003
Europe,OWID_EUR,2003,743.87
Europe,OWID_EUR,2004,818.99
Europe,OWID_EUR,2005,850
Europe,OWID_EUR,2006,859.57
Europe,OWID_EUR,2007,906.27
Europe,OWID_EUR,2008,954.91003
Europe,OWID_EUR,2009,989.34
Europe,OWID_EUR,2010,1064.96
Europe,OWID_EUR,2011,1049.25
Europe,OWID_EUR,2012,1168.09
Europe,OWID_EUR,2013,1275.3099
Europe,OWID_EUR,2014,1308.12
Europe,OWID_EUR,2015,1341.11
Europe,OWID_EUR,2016,1379.63
Europe,OWID_EUR,2017,1394.13
Europe,OWID_EUR,2018,1489.93
Europe,OWID_EUR,2019,1526.59
Europe,OWID_EUR,2020,1666
Europe,OWID_EUR,2021,1693.67
Europe,OWID_EUR,2022,1665.6
Europe,OWID_EUR,2023,1824.12
Europe,OWID_EUR,2024,1954.77
Europe,OWID_EUR,2025,1922.25
Europe (EI),,1965,305.20435
Europe (EI),,1966,328.6709
Europe (EI),,1967,328.95175
Europe (EI),,1968,341.23367
Europe (EI),,1969,336.39883
Europe (EI),,1970,353.1964
Europe (EI),,1971,356.795
Europe (EI),,1972,370.9556
Europe (EI),,1973,376.9761
Europe (EI),,1974,407.33334
Europe (EI),,1975,416.0317
Europe (EI),,1976,385.32028
Europe (EI),,1977,465.15192
Europe (EI),,1978,464.90387
Europe (EI),,1979,488.91882
Europe (EI),,1980,475.5181
Europe (EI),,1981,481.19943
Europe (EI),,1982,476.16428
Europe (EI),,1983,490.2926
Europe (EI),,1984,495.74332
Europe (EI),,1985,514.0444
Europe (EI),,1986,498.24277
Europe (EI),,1987,541.53217
Europe (EI),,1988,580.4345
Europe (EI),,1989,507.79742
Europe (EI),,1990,522.07874
Europe (EI),,1991,533.1589
Europe (EI),,1992,551.7706
Europe (EI),,1993,575.4867
Europe (EI),,1994,584.11707
Europe (EI),,1995,595.2193
Europe (EI),,1996,579.7056
Europe (EI),,1997,607.02783
Europe (EI),,1998,640.83356
Europe (EI),,1999,650.0598
Europe (EI),,2000,681.3367
Europe (EI),,2001,684.1096
Europe (EI),,2002,651.8161
Europe (EI),,2003,634.0137
Europe (EI),,2004,700.7294
Europe (EI),,2005,724.12744
Europe (EI),,2006,738.25476
Europe (EI),,2007,774.30774
Europe (EI),,2008,833.96747
Europe (EI),,2009,861.9169
Europe (EI),,2010,965.8685
Europe (EI),,2011,951.63745
Europe (EI),,2012,1077.4609
Europe (EI),,2013,1171.2872
Europe (EI),,2014,1193.8717
Europe (EI),,2015,1265.2863
Europe (EI),,2016,1293.9471
Europe (EI),,2017,1304.7047
Europe (EI),,2018,1406.3114
Europe (EI),,2019,1467.2294
Europe (EI),,2020,1584.0721
Europe (EI),,2021,1605.3455
Europe (EI),,2022,1609.386
Europe (EI),,2023,1781.5687
Europe (EI),,2024,1923.8073
Europe (EI),,2025,1934.9994
Europe (Ember),,2000,831.99
Europe (Ember),,2001,846.92
Europe (Ember),,2002,801.18
Europe (Ember),,2003,779.43
Europe (Ember),,2004,865.3
Europe (Ember),,2005,889.74
Europe (Ember),,2006,904.09
Europe (Ember),,2007,942.73
Europe (Ember),,2008,989.33
Europe (Ember),,2009,1027.49
Europe (Ember),,2010,1120.68
Europe (Ember),,2011,1107.34
Europe (Ember),,2012,1233.3
Europe (Ember),,2013,1344.53
Europe (Ember),,2014,1360.74
Europe (Ember),,2015,1424.76
Europe (Ember),,2016,1469.87
Europe (Ember),,2017,1481.37
Europe (Ember),,2018,1586.75
Europe (Ember),,2019,1658.06
Europe (Ember),,2020,1793.33
Europe (Ember),,2021,1809.74
Europe (Ember),,2022,1799.95
Europe (Ember),,2023,1978.89
Europe (Ember),,2024,2130.46
Europe (Ember),,2025,2122.51
European Union (27),OWID_EU27,1965,214.71503
European Union (27),OWID_EU27,1966,234.43282
European Union (27),OWID_EU27,1967,226.50862
European Union (27),OWID_EU27,1968,231.3989
European Union (27),OWID_EU27,1969,227.7009
European Union (27),OWID_EU27,1970,241.663
European Union (27),OWID_EU27,1971,240.2856
European Union (27),OWID_EU27,1972,251.76234
European Union (27),OWID_EU27,1973,250.97429
European Union (27),OWID_EU27,1974,270.84674
European Union (27),OWID_EU27,1975,273.18805
European Union (27),OWID_EU27,1976,239.46838
European Union (27),OWID_EU27,1977,316.23187
European Union (27),OWID_EU27,1978,308.60132
European Union (27),OWID_EU27,1979,323.21503
European Union (27),OWID_EU27,1980,308.10544
European Union (27),OWID_EU27,1981,303.91788
European Union (27),OWID_EU27,1982,298.19333
European Union (27),OWID_EU27,1983,304.2806
European Union (27),OWID_EU27,1984,308.85004
European Union (27),OWID_EU27,1985,315.67374
European Union (27),OWID_EU27,1986,299.712
European Union (27),OWID_EU27,1987,327.77206
European Union (27),OWID_EU27,1988,346.30917
European Union (27),OWID_EU27,1989,286.0426
European Union (27),OWID_EU27,1990,301.91
European Union (27),OWID_EU27,1991,314.86002
European Union (27),OWID_EU27,1992,328.28
European Union (27),OWID_EU27,1993,338.54
European Union (27),OWID_EU27,1994,350.51
European Union (27),OWID_EU27,1995,352.74
European Union (27),OWID_EU27,1996,355.33
European Union (27),OWID_EU27,1997,366.69
European Union (27),OWID_EU27,1998,384.69998
European Union (27),OWID_EU27,1999,386.33
European Union (27),OWID_EU27,2000,406.9
European Union (27),OWID_EU27,2001,436.34
European Union (27),OWID_EU27,2002,389.99
European Union (27),OWID_EU27,2003,397.43
European Union (27),OWID_EU27,2004,440.16
European Union (27),OWID_EU27,2005,443.47
European Union (27),OWID_EU27,2006,467.19
European Union (27),OWID_EU27,2007,496.17
European Union (27),OWID_EU27,2008,540.65
European Union (27),OWID_EU27,2009,571.06
European Union (27),OWID_EU27,2010,652.75
European Union (27),OWID_EU27,2011,645.95
European Union (27),OWID_EU27,2012,728.87
European Union (27),OWID_EU27,2013,806.9
European Union (27),OWID_EU27,2014,837.16
European Union (27),OWID_EU27,2015,855.94
European Union (27),OWID_EU27,2016,871.32
European Union (27),OWID_EU27,2017,874.22
European Union (27),OWID_EU27,2018,941.33
European Union (27),OWID_EU27,2019,978.84
European Union (27),OWID_EU27,2020,1059.79
European Union (27),OWID_EU27,2021,1076.83
European Union (27),OWID_EU27,2022,1079.98
European Union (27),OWID_EU27,2023,1226.1
European Union (27),OWID_EU27,2024,1331.49
European Union (27),OWID_EU27,2025,1334.98
Falkland Islands,FLK,2000,0
Falkland Islands,FLK,2001,0
Falkland Islands,FLK,2002,0
Falkland Islands,FLK,2003,0
Falkland Islands,FLK,2004,0
Falkland Islands,FLK,2005,0
Falkland Islands,FLK,2006,0
Falkland Islands,FLK,2007,0
Falkland Islands,FLK,2008,0
Falkland Islands,FLK,2009,0
Falkland Islands,FLK,2010,0
Falkland Islands,FLK,2011,0.01
Falkland Islands,FLK,2012,0.01
Falkland Islands,FLK,2013,0.01
Falkland Islands,FLK,2014,0.01
Falkland Islands,FLK,2015,0.01
Falkland Islands,FLK,2016,0.01
Falkland Islands,FLK,2017,0
Falkland Islands,FLK,2018,0
Falkland Islands,FLK,2019,0
Falkland Islands,FLK,2020,0
Falkland Islands,FLK,2021,0
Falkland Islands,FLK,2022,0
Falkland Islands,FLK,2023,0
Faroe Islands,FRO,2000,0.08
Faroe Islands,FRO,2001,0.08
Faroe Islands,FRO,2002,0.1
Faroe Islands,FRO,2003,0.08
Faroe Islands,FRO,2004,0.1
Faroe Islands,FRO,2005,0.11
Faroe Islands,FRO,2006,0.11
Faroe Islands,FRO,2007,0.12
Faroe Islands,FRO,2008,0.1
Faroe Islands,FRO,2009,0.1
Faroe Islands,FRO,2010,0.08
Faroe Islands,FRO,2011,0.1
Faroe Islands,FRO,2012,0.11
Faroe Islands,FRO,2013,0.11
Faroe Islands,FRO,2014,0.16
Faroe Islands,FRO,2015,0.19
Faroe Islands,FRO,2016,0.15
Faroe Islands,FRO,2017,0.17
Faroe Islands,FRO,2018,0.17
Faroe Islands,FRO,2019,0.15
Faroe Islands,FRO,2020,0.16
Faroe Islands,FRO,2021,0.17
Faroe Islands,FRO,2022,0.22
Faroe Islands,FRO,2023,0.23
Fiji,FJI,2000,0.54
Fiji,FJI,2001,0.59
Fiji,FJI,2002,0.58
Fiji,FJI,2003,0.47
Fiji,FJI,2004,0.5
Fiji,FJI,2005,0.47
Fiji,FJI,2006,0.47
Fiji,FJI,2007,0.61
Fiji,FJI,2008,0.57
Fiji,FJI,2009,0.52
Fiji,FJI,2010,0.46
Fiji,FJI,2011,0.49
Fiji,FJI,2012,0.57
Fiji,FJI,2013,0.56
Fiji,FJI,2014,0.44
Fiji,FJI,2015,0.45
Fiji,FJI,2016,0.52
Fiji,FJI,2017,0.51
Fiji,FJI,2018,0.65
Fiji,FJI,2019,0.66
Fiji,FJI,2020,0.68
Fiji,FJI,2021,0.66
Fiji,FJI,2022,0.65
Fiji,FJI,2023,0.73
Fiji,FJI,2024,0.73
Finland,FIN,1990,16.02
Finland,FIN,1991,18.2
Finland,FIN,1992,20.06
Finland,FIN,1993,19.44
Finland,FIN,1994,18.27
Finland,FIN,1995,19.55
Finland,FIN,1996,17.76
Finland,FIN,1997,20.15
Finland,FIN,1998,24.4
Finland,FIN,1999,21.19
Finland,FIN,2000,23.38
Finland,FIN,2001,21.54
Finland,FIN,2002,19.83
Finland,FIN,2003,19.06
Finland,FIN,2004,25.63
Finland,FIN,2005,23.46
Finland,FIN,2006,22.46
Finland,FIN,2007,24.32
Finland,FIN,2008,27.77
Finland,FIN,2009,21.7
Finland,FIN,2010,24.18
Finland,FIN,2011,24.18
Finland,FIN,2012,28.56
Finland,FIN,2013,25.63
Finland,FIN,2014,26.28
Finland,FIN,2015,30.53
Finland,FIN,2016,30.41
Finland,FIN,2017,31.47
Finland,FIN,2018,32.14
Finland,FIN,2019,31.88
Finland,FIN,2020,35.93
Finland,FIN,2021,38.18
Finland,FIN,2022,38.66
Finland,FIN,2023,42.3
Finland,FIN,2024,46.11
Finland,FIN,2025,46.47
France,FRA,1990,54.62
France,FRA,1991,58.43
France,FRA,1992,69.62
France,FRA,1993,65.27
France,FRA,1994,79.19
France,FRA,1995,73.66
France,FRA,1996,67.1
France,FRA,1997,64.79
France,FRA,1998,63.44
France,FRA,1999,73.71
France,FRA,2000,67.83
France,FRA,2001,76.09
France,FRA,2002,62.69
France,FRA,2003,61.47
France,FRA,2004,62.42
France,FRA,2005,54.98
France,FRA,2006,60.91
France,FRA,2007,64.3
France,FRA,2008,72.33
France,FRA,2009,68.15
France,FRA,2010,76.68
France,FRA,2011,66.02
France,FRA,2012,85.25
France,FRA,2013,99.43
France,FRA,2014,94.03
France,FRA,2015,91.84
France,FRA,2016,99
France,FRA,2017,91.91
France,FRA,2018,113.85
France,FRA,2019,112.9
France,FRA,2020,125.03
France,FRA,2021,122.1
France,FRA,2022,113.37
France,FRA,2023,139.49
France,FRA,2024,152.67
France,FRA,2025,148.56
French Guiana,GUF,2000,0.41
French Guiana,GUF,2001,0.42
French Guiana,GUF,2002,0.42
French Guiana,GUF,2003,0.34
French Guiana,GUF,2004,0.41
French Guiana,GUF,2005,0.43
French Guiana,GUF,2006,0.54
French Guiana,GUF,2007,0.5
French Guiana,GUF,2008,0.5
French Guiana,GUF,2009,0.35
French Guiana,GUF,2010,0.47
French Guiana,GUF,2011,0.51
French Guiana,GUF,2012,0.62
French Guiana,GUF,2013,0.54
French Guiana,GUF,2014,0.56
French Guiana,GUF,2015,0.55
French Guiana,GUF,2016,0.5
French Guiana,GUF,2017,0.62
French Guiana,GUF,2018,0.6
French Guiana,GUF,2019,0.47
French Guiana,GUF,2020,0.5
French Guiana,GUF,2021,0.68
French Guiana,GUF,2022,0.68
French Guiana,GUF,2023,0.64
French Polynesia,PYF,2000,0.12
French Polynesia,PYF,2001,0.1
French Polynesia,PYF,2002,0.13
French Polynesia,PYF,2003,0.15
French Polynesia,PYF,2004,0.18
French Polynesia,PYF,2005,0.18
French Polynesia,PYF,2006,0.2
French Polynesia,PYF,2007,0.22
French Polynesia,PYF,2008,0.21
French Polynesia,PYF,2009,0.21
French Polynesia,PYF,2010,0.27
French Polynesia,PYF,2011,0.23
French Polynesia,PYF,2012,0.21
French Polynesia,PYF,2013,0.17
French Polynesia,PYF,2014,0.2
French Polynesia,PYF,2015,0.2
French Polynesia,PYF,2016,0.21
French Polynesia,PYF,2017,0.22
French Polynesia,PYF,2018,0.2
French Polynesia,PYF,2019,0.2
French Polynesia,PYF,2020,0.2
French Polynesia,PYF,2021,0.19
French Polynesia,PYF,2022,0.24
French Polynesia,PYF,2023,0.24
French Polynesia,PYF,2024,0.25
G20 (Ember),,2000,2159.44
G20 (Ember),,2001,2113.74
G20 (Ember),,2002,2165.04
G20 (Ember),,2003,2193.29
G20 (Ember),,2004,2393.72
G20 (Ember),,2005,2485.11
G20 (Ember),,2006,2628.52
G20 (Ember),,2007,2714.93
G20 (Ember),,2008,2956.7
G20 (Ember),,2009,3043.38
G20 (Ember),,2010,3325.69
G20 (Ember),,2011,3501.32
G20 (Ember),,2012,3768.99
G20 (Ember),,2013,4040.14
G20 (Ember),,2014,4309.55
G20 (Ember),,2015,4514.9
G20 (Ember),,2016,4815.81
G20 (Ember),,2017,5119.17
G20 (Ember),,2018,5497.72
G20 (Ember),,2019,5846.28
G20 (Ember),,2020,6273.06
G20 (Ember),,2021,6633.48
G20 (Ember),,2022,7166.57
G20 (Ember),,2023,7582.51
G20 (Ember),,2024,8397.37
G20 (Ember),,2025,9161.8
G7 (Ember),,2000,981.94
G7 (Ember),,2001,897.78
G7 (Ember),,2002,961.34
G7 (Ember),,2003,973.27
G7 (Ember),,2004,995.12
G7 (Ember),,2005,1012.31
G7 (Ember),,2006,1062.16
G7 (Ember),,2007,1050.46
G7 (Ember),,2008,1115.19
G7 (Ember),,2009,1155.95
G7 (Ember),,2010,1198.63
G7 (Ember),,2011,1328.53
G7 (Ember),,2012,1369.13
G7 (Ember),,2013,1473
G7 (Ember),,2014,1529.12
G7 (Ember),,2015,1604.78
G7 (Ember),,2016,1686.56
G7 (Ember),,2017,1821.42
G7 (Ember),,2018,1903.23
G7 (Ember),,2019,1955.52
G7 (Ember),,2020,2078.27
G7 (Ember),,2021,2098.53
G7 (Ember),,2022,2224.23
G7 (Ember),,2023,2275.83
G7 (Ember),,2024,2420.71
G7 (Ember),,2025,2543.77
Gabon,GAB,2000,0.81
Gabon,GAB,2001,0.88
Gabon,GAB,2002,0.92
Gabon,GAB,2003,0.9
Gabon,GAB,2004,0.89
Gabon,GAB,2005,0.81
Gabon,GAB,2006,0.95
Gabon,GAB,2007,0.8
Gabon,GAB,2008,0.89
Gabon,GAB,2009,0.95
Gabon,GAB,2010,0.91
Gabon,GAB,2011,0.84
Gabon,GAB,2012,0.91
Gabon,GAB,2013,0.94
Gabon,GAB,2014,0.8
Gabon,GAB,2015,0.92
Gabon,GAB,2016,0.83
Gabon,GAB,2017,0.94
Gabon,GAB,2018,1.31
Gabon,GAB,2019,1.32
Gabon,GAB,2020,1.43
Gabon,GAB,2021,1.38
Gabon,GAB,2022,1.53
Gabon,GAB,2023,0.92
Gabon,GAB,2024,0.92
Gambia,GMB,2000,0
Gambia,GMB,2001,0
Gambia,GMB,2002,0
Gambia,GMB,2003,0
Gambia,GMB,2004,0
Gambia,GMB,2005,0
Gambia,GMB,2006,0
Gambia,GMB,2007,0
Gambia,GMB,2008,0
Gambia,GMB,2009,0
Gambia,GMB,2010,0
Gambia,GMB,2011,0
Gambia,GMB,2012,0
Gambia,GMB,2013,0
Gambia,GMB,2014,0
Gambia,GMB,2015,0
Gambia,GMB,2016,0
Gambia,GMB,2017,0
Gambia,GMB,2018,0
Gambia,GMB,2019,0
Gambia,GMB,2020,0
Gambia,GMB,2021,0
Gambia,GMB,2022,0
Gambia,GMB,2023,0
Gambia,GMB,2024,0
Georgia,GEO,2000,5.8
Georgia,GEO,2001,5.49
Georgia,GEO,2002,6.7
Georgia,GEO,2003,6.46
Georgia,GEO,2004,5.99
Georgia,GEO,2005,6.17
Georgia,GEO,2006,5.26
Georgia,GEO,2007,6.75
Georgia,GEO,2008,7.09
Georgia,GEO,2009,7.34
Georgia,GEO,2010,9.27
Georgia,GEO,2011,7.81
Georgia,GEO,2012,7.15
Georgia,GEO,2013,8.19
Georgia,GEO,2014,8.25
Georgia,GEO,2015,8.37
Georgia,GEO,2016,9.25
Georgia,GEO,2017,9.21
Georgia,GEO,2018,9.93
Georgia,GEO,2019,9.02
Georgia,GEO,2020,8.34
Georgia,GEO,2021,10.26
Georgia,GEO,2022,10.86
Georgia,GEO,2023,10.98
Georgia,GEO,2024,11.12
Georgia,GEO,2025,10.75
Germany,DEU,1990,19.1
Germany,DEU,1991,16.98
Germany,DEU,1992,19.73
Germany,DEU,1993,20.52
Germany,DEU,1994,23.43
Germany,DEU,1995,25.92
Germany,DEU,1996,26.55
Germany,DEU,1997,23.05
Germany,DEU,1998,24.88
Germany,DEU,1999,28.71
Germany,DEU,2000,35.41
Germany,DEU,2001,37.88
Germany,DEU,2002,44.49
Germany,DEU,2003,46.67
Germany,DEU,2004,57.97
Germany,DEU,2005,63.43
Germany,DEU,2006,72.56
Germany,DEU,2007,89.44
Germany,DEU,2008,94.37
Germany,DEU,2009,96.08
Germany,DEU,2010,105.41
Germany,DEU,2011,124.43
Germany,DEU,2012,143.4
Germany,DEU,2013,151.95
Germany,DEU,2014,161.93
Germany,DEU,2015,188.14
Germany,DEU,2016,189.13
Germany,DEU,2017,215.68
Germany,DEU,2018,222.93
Germany,DEU,2019,241.17
Germany,DEU,2020,251.49
Germany,DEU,2021,232.5
Germany,DEU,2022,251.54
Germany,DEU,2023,277.1
Germany,DEU,2024,290.86
Germany,DEU,2025,295.74
Ghana,GHA,2000,6.55
Ghana,GHA,2001,6.55
Ghana,GHA,2002,5
Ghana,GHA,2003,3.86
Ghana,GHA,2004,5.24
Ghana,GHA,2005,5.58
Ghana,GHA,2006,5.57
Ghana,GHA,2007,3.7
Ghana,GHA,2008,6.15
Ghana,GHA,2009,6.83
Ghana,GHA,2010,6.95
Ghana,GHA,2011,7.51
Ghana,GHA,2012,8.01
Ghana,GHA,2013,8.17
Ghana,GHA,2014,8.32
Ghana,GHA,2015,5.81
Ghana,GHA,2016,5.56
Ghana,GHA,2017,5.67
Ghana,GHA,2018,6.07
Ghana,GHA,2019,7.32
Ghana,GHA,2020,7.37
Ghana,GHA,2021,7.68
Ghana,GHA,2022,8.37
Ghana,GHA,2023,9.36
Ghana,GHA,2024,8.79
Gibraltar,GIB,2000,0
Gibraltar,GIB,2001,0
Gibraltar,GIB,2002,0
Gibraltar,GIB,2003,0
Gibraltar,GIB,2004,0
Gibraltar,GIB,2005,0
Gibraltar,GIB,2006,0
Gibraltar,GIB,2007,0
Gibraltar,GIB,2008,0
Gibraltar,GIB,2009,0
Gibraltar,GIB,2010,0
Gibraltar,GIB,2011,0
Gibraltar,GIB,2012,0
Gibraltar,GIB,2013,0
Gibraltar,GIB,2014,0
Gibraltar,GIB,2015,0
Gibraltar,GIB,2016,0
Gibraltar,GIB,2017,0
Gibraltar,GIB,2018,0
Gibraltar,GIB,2019,0
Gibraltar,GIB,2020,0
Gibraltar,GIB,2021,0
Gibraltar,GIB,2022,0
Gibraltar,GIB,2023,0
Gibraltar,GIB,2024,0
Greece,GRC,1990,1.77
Greece,GRC,1991,3.1
Greece,GRC,1992,2.21
Greece,GRC,1993,2.33
Greece,GRC,1994,2.64
Greece,GRC,1995,3.56
Greece,GRC,1996,4.39
Greece,GRC,1997,3.92
Greece,GRC,1998,3.79
Greece,GRC,1999,4.75
Greece,GRC,2000,4.14
Greece,GRC,2001,2.94
Greece,GRC,2002,3.58
Greece,GRC,2003,5.89
Greece,GRC,2004,5.91
Greece,GRC,2005,6.41
Greece,GRC,2006,7.67
Greece,GRC,2007,4.59
Greece,GRC,2008,5.75
Greece,GRC,2009,8.16
Greece,GRC,2010,10.53
Greece,GRC,2011,8.15
Greece,GRC,2012,10.13
Greece,GRC,2013,14.36
Greece,GRC,2014,12.18
Greece,GRC,2015,14.85
Greece,GRC,2016,14.89
Greece,GRC,2017,13.8
Greece,GRC,2018,16.14
Greece,GRC,2019,16.1
Greece,GRC,2020,17.55
Greece,GRC,2021,22.13
Greece,GRC,2022,22.45
Greece,GRC,2023,24.38
Greece,GRC,2024,28.1
Greece,GRC,2025,28.96
Greenland,GRL,2000,0.17
Greenland,GRL,2001,0.16
Greenland,GRL,2002,0.18
Greenland,GRL,2003,0.18
Greenland,GRL,2004,0.19
Greenland,GRL,2005,0.2
Greenland,GRL,2006,0.2
Greenland,GRL,2007,0.2
Greenland,GRL,2008,0.2
Greenland,GRL,2009,0.26
Greenland,GRL,2010,0.29
Greenland,GRL,2011,0.34
Greenland,GRL,2012,0.34
Greenland,GRL,2013,0.37
Greenland,GRL,2014,0.39
Greenland,GRL,2015,0.42
Greenland,GRL,2016,0.4
Greenland,GRL,2017,0.38
Greenland,GRL,2018,0.42
Greenland,GRL,2019,0.41
Greenland,GRL,2020,0.43
Greenland,GRL,2021,0.43
Greenland,GRL,2022,0.47
Greenland,GRL,2023,0.5
Greenland,GRL,2024,0.5
Grenada,GRD,2000,0
Grenada,GRD,2001,0
Grenada,GRD,2002,0
Grenada,GRD,2003,0
Grenada,GRD,2004,0
Grenada,GRD,2005,0
Grenada,GRD,2006,0
Grenada,GRD,2007,0
Grenada,GRD,2008,0
Grenada,GRD,2009,0
Grenada,GRD,2010,0
Grenada,GRD,2011,0
Grenada,GRD,2012,0
Grenada,GRD,2013,0
Grenada,GRD,2014,0
Grenada,GRD,2015,0
Grenada,GRD,2016,0
Grenada,GRD,2017,0
Grenada,GRD,2018,0
Grenada,GRD,2019,0
Grenada,GRD,2020,0
Grenada,GRD,2021,0
Grenada,GRD,2022,0
Grenada,GRD,2023,0
Grenada,GRD,2024,0
Guadeloupe,GLP,2000,0.12
Guadeloupe,GLP,2001,0.11
Guadeloupe,GLP,2002,0.14
Guadeloupe,GLP,2003,0.13
Guadeloupe,GLP,2004,0.17
Guadeloupe,GLP,2005,0.21
Guadeloupe,GLP,2006,0.2
Guadeloupe,GLP,2007,0.22
Guadeloupe,GLP,2008,0.22
Guadeloupe,GLP,2009,0.19
Guadeloupe,GLP,2010,0.15
Guadeloupe,GLP,2011,0.2
Guadeloupe,GLP,2012,0.26
Guadeloupe,GLP,2013,0.31
Guadeloupe,GLP,2014,0.32
Guadeloupe,GLP,2015,0.31
Guadeloupe,GLP,2016,0.3
Guadeloupe,GLP,2017,0.36
Guadeloupe,GLP,2018,0.37
Guadeloupe,GLP,2019,0.37
Guadeloupe,GLP,2020,0.41
Guadeloupe,GLP,2021,0.56
Guadeloupe,GLP,2022,0.57
Guadeloupe,GLP,2023,0.59
Guam,GUM,2000,0
Guam,GUM,2001,0
Guam,GUM,2002,0
Guam,GUM,2003,0
Guam,GUM,2004,0
Guam,GUM,2005,0
Guam,GUM,2006,0
Guam,GUM,2007,0
Guam,GUM,2008,0
Guam,GUM,2009,0
Guam,GUM,2010,0
Guam,GUM,2011,0
Guam,GUM,2012,0
Guam,GUM,2013,0
Guam,GUM,2014,0
Guam,GUM,2015,0.03
Guam,GUM,2016,0.07
Guam,GUM,2017,0.06
Guam,GUM,2018,0.07
Guam,GUM,2019,0.08
Guam,GUM,2020,0.08
Guam,GUM,2021,0.08
Guam,GUM,2022,0.14
Guam,GUM,2023,0.14
Guam,GUM,2024,0.16
Guatemala,GTM,2000,3.24
Guatemala,GTM,2001,2.94
Guatemala,GTM,2002,2.64
Guatemala,GTM,2003,3.37
Guatemala,GTM,2004,3.27
Guatemala,GTM,2005,3.9
Guatemala,GTM,2006,4.21
Guatemala,GTM,2007,4.44
Guatemala,GTM,2008,4.77
Guatemala,GTM,2009,4.08
Guatemala,GTM,2010,5.63
Guatemala,GTM,2011,5.49
Guatemala,GTM,2012,6.24
Guatemala,GTM,2013,6.84
Guatemala,GTM,2014,7.28
Guatemala,GTM,2015,6.83
Guatemala,GTM,2016,7.33
Guatemala,GTM,2017,8.47
Guatemala,GTM,2018,8.76
Guatemala,GTM,2019,8.11
Guatemala,GTM,2020,9.41
Guatemala,GTM,2021,11.37
Guatemala,GTM,2022,11.41
Guatemala,GTM,2023,10.03
Guatemala,GTM,2024,10.79
Guinea,GIN,2000,0.41
Guinea,GIN,2001,0.55
Guinea,GIN,2002,0.59
Guinea,GIN,2003,0.4
Guinea,GIN,2004,0.55
Guinea,GIN,2005,0.49
Guinea,GIN,2006,0.46
Guinea,GIN,2007,0.53
Guinea,GIN,2008,0.52
Guinea,GIN,2009,0.52
Guinea,GIN,2010,0.48
Guinea,GIN,2011,0.41
Guinea,GIN,2012,0.49
Guinea,GIN,2013,0.48
Guinea,GIN,2014,0.42
Guinea,GIN,2015,0.9
Guinea,GIN,2016,1.1
Guinea,GIN,2017,1.23
Guinea,GIN,2018,1.21
Guinea,GIN,2019,1.31
Guinea,GIN,2020,1.51
Guinea,GIN,2021,2.66
Guinea,GIN,2022,2.98
Guinea,GIN,2023,2.98
Guinea,GIN,2024,3.03
Guinea-Bissau,GNB,2000,0
Guinea-Bissau,GNB,2001,0
Guinea-Bissau,GNB,2002,0
Guinea-Bissau,GNB,2003,0
Guinea-Bissau,GNB,2004,0
Guinea-Bissau,GNB,2005,0
Guinea-Bissau,GNB,2006,0
Guinea-Bissau,GNB,2007,0
Guinea-Bissau,GNB,2008,0
Guinea-Bissau,GNB,2009,0
Guinea-Bissau,GNB,2010,0
Guinea-Bissau,GNB,2011,0
Guinea-Bissau,GNB,2012,0
Guinea-Bissau,GNB,2013,0
Guinea-Bissau,GNB,2014,0
Guinea-Bissau,GNB,2015,0
Guinea-Bissau,GNB,2016,0
Guinea-Bissau,GNB,2017,0
Guinea-Bissau,GNB,2018,0
Guinea-Bissau,GNB,2019,0
Guinea-Bissau,GNB,2020,0
Guinea-Bissau,GNB,2021,0
Guinea-Bissau,GNB,2022,0
Guinea-Bissau,GNB,2023,0
Guinea-Bissau,GNB,2024,0
Guyana,GUY,2000,0.01
Guyana,GUY,2001,0.01
Guyana,GUY,2002,0.01
Guyana,GUY,2003,0.01
Guyana,GUY,2004,0.01
Guyana,GUY,2005,0.01
Guyana,GUY,2006,0.01
Guyana,GUY,2007,0.01
Guyana,GUY,2008,0.01
Guyana,GUY,2009,0.01
Guyana,GUY,2010,0.04
Guyana,GUY,2011,0.05
Guyana,GUY,2012,0.04
Guyana,GUY,2013,0.04
Guyana,GUY,2014,0.04
Guyana,GUY,2015,0.04
Guyana,GUY,2016,0.04
Guyana,GUY,2017,0.04
Guyana,GUY,2018,0.03
Guyana,GUY,2019,0.04
Guyana,GUY,2020,0.03
Guyana,GUY,2021,0.04
Guyana,GUY,2022,0.03
Guyana,GUY,2023,0.04
Guyana,GUY,2024,0.04
Haiti,HTI,2000,0.28
Haiti,HTI,2001,0.28
Haiti,HTI,2002,0.26
Haiti,HTI,2003,0.25
Haiti,HTI,2004,0.26
Haiti,HTI,2005,0.26
Haiti,HTI,2006,0.27
Haiti,HTI,2007,0.15
Haiti,HTI,2008,0.18
Haiti,HTI,2009,0.2
Haiti,HTI,2010,0.17
Haiti,HTI,2011,0.12
Haiti,HTI,2012,0.22
Haiti,HTI,2013,0.14
Haiti,HTI,2014,0.09
Haiti,HTI,2015,0.08
Haiti,HTI,2016,0.07
Haiti,HTI,2017,0.13
Haiti,HTI,2018,0.19
Haiti,HTI,2019,0.17
Haiti,HTI,2020,0.14
Haiti,HTI,2021,0.13
Haiti,HTI,2022,0.19
Haiti,HTI,2023,0.19
Haiti,HTI,2024,0.16
High-income countries,OWID_HIC,1965,726.58435
High-income countries,OWID_HIC,1966,767.812
High-income countries,OWID_HIC,1967,787.07056
High-income countries,OWID_HIC,1968,808.53815
High-income countries,OWID_HIC,1969,846.1115
High-income countries,OWID_HIC,1970,870.8804
High-income countries,OWID_HIC,1971,909.97534
High-income countries,OWID_HIC,1972,952.0682
High-income countries,OWID_HIC,1973,955.6815
High-income countries,OWID_HIC,1974,1047.5892
High-income countries,OWID_HIC,1975,1048.5918
High-income countries,OWID_HIC,1976,1008.84937
High-income countries,OWID_HIC,1977,1016.9036
High-income countries,OWID_HIC,1978,1092.8137
High-income countries,OWID_HIC,1979,1137.4714
High-income countries,OWID_HIC,1980,1130.917
High-income countries,OWID_HIC,1981,1142.0289
High-income countries,OWID_HIC,1982,1177.6355
High-income countries,OWID_HIC,1983,1236.9683
High-income countries,OWID_HIC,1984,1241.5145
High-income countries,OWID_HIC,1985,1399.07
High-income countries,OWID_HIC,1986,1405.4099
High-income countries,OWID_HIC,1987,1404.0902
High-income countries,OWID_HIC,1988,1408.494
High-income countries,OWID_HIC,1989,1391.6317
High-income countries,OWID_HIC,1990,1445.2297
High-income countries,OWID_HIC,1991,1470.5382
High-income countries,OWID_HIC,1992,1464.973
High-income countries,OWID_HIC,1993,1534.1394
High-income countries,OWID_HIC,1994,1504.8993
High-income countries,OWID_HIC,1995,1587.7867
High-income countries,OWID_HIC,1996,1595.7921
High-income countries,OWID_HIC,1997,1643.0848
High-income countries,OWID_HIC,1998,1621.5046
High-income countries,OWID_HIC,1999,1640.7426
High-income countries,OWID_HIC,2000,1681.24
High-income countries,OWID_HIC,2001,1605.33
High-income countries,OWID_HIC,2002,1632.58
High-income countries,OWID_HIC,2003,1621.41
High-income countries,OWID_HIC,2004,1692.45
High-income countries,OWID_HIC,2005,1746.61
High-income countries,OWID_HIC,2006,1788.91
High-income countries,OWID_HIC,2007,1814.52
High-income countries,OWID_HIC,2008,1896.53
High-income countries,OWID_HIC,2009,1961.23
High-income countries,OWID_HIC,2010,2049.06
High-income countries,OWID_HIC,2011,2166.58
High-income countries,OWID_HIC,2012,2272.33
High-income countries,OWID_HIC,2013,2428.86
High-income countries,OWID_HIC,2014,2510.2
High-income countries,OWID_HIC,2015,2603.7
High-income countries,OWID_HIC,2016,2727.34
High-income countries,OWID_HIC,2017,2855.3
High-income countries,OWID_HIC,2018,2991.35
High-income countries,OWID_HIC,2019,3075.64
High-income countries,OWID_HIC,2020,3316.6401
High-income countries,OWID_HIC,2021,3417.46
High-income countries,OWID_HIC,2022,3560.45
High-income countries,OWID_HIC,2023,3740.86
High-income countries,OWID_HIC,2024,3994.87
Honduras,HND,2000,2.25
Honduras,HND,2001,1.94
Honduras,HND,2002,1.69
Honduras,HND,2003,1.92
Honduras,HND,2004,1.76
Honduras,HND,2005,1.83
Honduras,HND,2006,2.19
Honduras,HND,2007,2.36
Honduras,HND,2008,2.47
Honduras,HND,2009,3.25
Honduras,HND,2010,3.5
Honduras,HND,2011,3.44
Honduras,HND,2012,3.64
Honduras,HND,2013,3.62
Honduras,HND,2014,3.37
Honduras,HND,2015,3.97
Honduras,HND,2016,4.47
Honduras,HND,2017,5.38
Honduras,HND,2018,6.1
Honduras,HND,2019,5.64
Honduras,HND,2020,5.54
Honduras,HND,2021,6.83
Honduras,HND,2022,6.76
Honduras,HND,2023,6.79
Honduras,HND,2024,6.92
Hong Kong,HKG,1990,0
Hong Kong,HKG,1991,0
Hong Kong,HKG,1992,0
Hong Kong,HKG,1993,0
Hong Kong,HKG,1994,0
Hong Kong,HKG,1995,0
Hong Kong,HKG,1996,0
Hong Kong,HKG,1997,0
Hong Kong,HKG,1998,0
Hong Kong,HKG,1999,0
Hong Kong,HKG,2000,0
Hong Kong,HKG,2001,0
Hong Kong,HKG,2002,0
Hong Kong,HKG,2003,0
Hong Kong,HKG,2004,0
Hong Kong,HKG,2005,0
Hong Kong,HKG,2006,0
Hong Kong,HKG,2007,0
Hong Kong,HKG,2008,0
Hong Kong,HKG,2009,0
Hong Kong,HKG,2010,0.04
Hong Kong,HKG,2011,0.04
Hong Kong,HKG,2012,0.04
Hong Kong,HKG,2013,0.04
Hong Kong,HKG,2014,0.04
Hong Kong,HKG,2015,0.07
Hong Kong,HKG,2016,0.14
Hong Kong,HKG,2017,0.15
Hong Kong,HKG,2018,0.15
Hong Kong,HKG,2019,0.16
Hong Kong,HKG,2020,0.19
Hong Kong,HKG,2021,0.26
Hong Kong,HKG,2022,0.33
Hong Kong,HKG,2023,0.36
Hong Kong,HKG,2024,0.39
Hungary,HUN,1990,0.2
Hungary,HUN,1991,0.21
Hungary,HUN,1992,0.21
Hungary,HUN,1993,0.21
Hungary,HUN,1994,0.21
Hungary,HUN,1995,0.22
Hungary,HUN,1996,0.26
Hungary,HUN,1997,0.27
Hungary,HUN,1998,0.22
Hungary,HUN,1999,0.24
Hungary,HUN,2000,0.24
Hungary,HUN,2001,0.26
Hungary,HUN,2002,0.23
Hungary,HUN,2003,0.33
Hungary,HUN,2004,0.94
Hungary,HUN,2005,1.87
Hungary,HUN,2006,1.49
Hungary,HUN,2007,1.88
Hungary,HUN,2008,2.35
Hungary,HUN,2009,2.89
Hungary,HUN,2010,3.02
Hungary,HUN,2011,2.71
Hungary,HUN,2012,2.64
Hungary,HUN,2013,2.78
Hungary,HUN,2014,3.16
Hungary,HUN,2015,3.22
Hungary,HUN,2016,3.25
Hungary,HUN,2017,3.48
Hungary,HUN,2018,3.77
Hungary,HUN,2019,4.7
Hungary,HUN,2020,5.52
Hungary,HUN,2021,6.91
Hungary,HUN,2022,7.66
Hungary,HUN,2023,9.38
Hungary,HUN,2024,11.96
Hungary,HUN,2025,14.21
Iceland,ISL,1990,4.4366097
Iceland,ISL,1991,4.420725
Iceland,ISL,1992,4.534067
Iceland,ISL,1993,4.71527
Iceland,ISL,1994,4.76766
Iceland,ISL,1995,4.965364
Iceland,ISL,1996,5.1054482
Iceland,ISL,1997,5.5743775
Iceland,ISL,1998,6.268234
Iceland,ISL,1999,7.177514
Iceland,ISL,2000,7.61
Iceland,ISL,2001,7.96
Iceland,ISL,2002,8.34
Iceland,ISL,2003,8.43
Iceland,ISL,2004,8.54
Iceland,ISL,2005,8.61
Iceland,ISL,2006,9.85
Iceland,ISL,2007,11.89
Iceland,ISL,2008,16.34
Iceland,ISL,2009,16.71
Iceland,ISL,2010,16.74
Iceland,ISL,2011,16.85
Iceland,ISL,2012,17.29
Iceland,ISL,2013,17.99
Iceland,ISL,2014,17.8
Iceland,ISL,2015,18.55
Iceland,ISL,2016,18.17
Iceland,ISL,2017,19.07
Iceland,ISL,2018,19.69
Iceland,ISL,2019,19.36
Iceland,ISL,2020,18.89
Iceland,ISL,2021,19.39
Iceland,ISL,2022,19.87
Iceland,ISL,2023,19.81
Iceland,ISL,2024,19.05
India,IND,1971,33.384148
India,IND,1972,32.40304
India,IND,1973,34.506676
India,IND,1974,33.202953
India,IND,1975,39.668533
India,IND,1976,41.498165
India,IND,1977,45.276752
India,IND,1978,56.17499
India,IND,1979,54.168587
India,IND,1980,55.441372
India,IND,1981,59.08296
India,IND,1982,49.859673
India,IND,1983,48.043297
India,IND,1984,53.682453
India,IND,1985,51.813046
India,IND,1986,52.568764
India,IND,1987,48.962532
India,IND,1988,54.614944
India,IND,1989,63.369778
India,IND,1990,66.46495
India,IND,1991,74.12687
India,IND,1992,70.26861
India,IND,1993,71.079315
India,IND,1994,80.783676
India,IND,1995,76.98215
India,IND,1996,70.69813
India,IND,1997,72.18674
India,IND,1998,86.010315
India,IND,1999,85.38759
India,IND,2000,80.27
India,IND,2001,76.19
India,IND,2002,72.78
India,IND,2003,74.63
India,IND,2004,109.2
India,IND,2005,107.47
India,IND,2006,127.56
India,IND,2007,141.75
India,IND,2008,138.91
India,IND,2009,133.25
India,IND,2010,141.53
India,IND,2011,171.94
India,IND,2012,161.83
India,IND,2013,182.99
India,IND,2014,198.5
India,IND,2015,191.67
India,IND,2016,201.4
India,IND,2017,225.96
India,IND,2018,256.08
India,IND,2019,282.04
India,IND,2020,297.16
India,IND,2021,315.45
India,IND,2022,364.35
India,IND,2023,369.97
India,IND,2024,403.39
India,IND,2025,500.98
Indonesia,IDN,1971,1.3788528
Indonesia,IDN,1972,1.2330126
Indonesia,IDN,1973,1.5556288
Indonesia,IDN,1974,1.723566
Indonesia,IDN,1975,1.8075346
Indonesia,IDN,1976,1.060656
Indonesia,IDN,1977,1.7633406
Indonesia,IDN,1978,1.259529
Indonesia,IDN,1979,1.4009498
Indonesia,IDN,1980,1.2683678
Indonesia,IDN,1981,1.2639484
Indonesia,IDN,1982,1.3788528
Indonesia,IDN,1983,2.0726986
Indonesia,IDN,1984,2.2627327
Indonesia,IDN,1985,2.7665443
Indonesia,IDN,1986,4.4547553
Indonesia,IDN,1987,4.5829177
Indonesia,IDN,1988,5.0336967
Indonesia,IDN,1989,6.2799673
Indonesia,IDN,1990,7.61986
Indonesia,IDN,1991,8.46063
Indonesia,IDN,1992,10.73122
Indonesia,IDN,1993,9.983049
Indonesia,IDN,1994,9.58685
Indonesia,IDN,1995,10.505671
Indonesia,IDN,1996,11.16724
Indonesia,IDN,1997,8.594
Indonesia,IDN,1998,13.65
Indonesia,IDN,1999,14.32051
Indonesia,IDN,2000,19.6
Indonesia,IDN,2001,22.19
Indonesia,IDN,2002,21
Indonesia,IDN,2003,19.82
Indonesia,IDN,2004,20.97
Indonesia,IDN,2005,22.66
Indonesia,IDN,2006,21.18
Indonesia,IDN,2007,24.29
Indonesia,IDN,2008,26.34
Indonesia,IDN,2009,26.79
Indonesia,IDN,2010,34.63
Indonesia,IDN,2011,30.46
Indonesia,IDN,2012,31.11
Indonesia,IDN,2013,35.5
Indonesia,IDN,2014,34.41
Indonesia,IDN,2015,33.56
Indonesia,IDN,2016,39.58
Indonesia,IDN,2017,43.19
Indonesia,IDN,2018,48.38
Indonesia,IDN,2019,48.04
Indonesia,IDN,2020,52.89
Indonesia,IDN,2021,56.2
Indonesia,IDN,2022,65.41
Indonesia,IDN,2023,65.2
Indonesia,IDN,2024,67.21
Iran,IRN,1990,7.381
Iran,IRN,1991,5.607
Iran,IRN,1992,9.204
Iran,IRN,1993,10.533
Iran,IRN,1994,6.896
Iran,IRN,1995,8.323
Iran,IRN,1996,8.814
Iran,IRN,1997,5.941
Iran,IRN,1998,7.488
Iran,IRN,1999,5.178
Iran,IRN,2000,3.82
Iran,IRN,2001,4.15
Iran,IRN,2002,8.04
Iran,IRN,2003,9.62
Iran,IRN,2004,11.98
Iran,IRN,2005,14.52
Iran,IRN,2006,18.64
Iran,IRN,2007,18.1
Iran,IRN,2008,7.64
Iran,IRN,2009,6.95
Iran,IRN,2010,10.43
Iran,IRN,2011,10.91
Iran,IRN,2012,12.8
Iran,IRN,2013,14.86
Iran,IRN,2014,14.75
Iran,IRN,2015,13.41
Iran,IRN,2016,15.6
Iran,IRN,2017,17.66
Iran,IRN,2018,10.83
Iran,IRN,2019,35.11
Iran,IRN,2020,24.93
Iran,IRN,2021,15.6
Iran,IRN,2022,15.77
Iran,IRN,2023,24.73
Iran,IRN,2024,21.05
Iran,IRN,2025,15.21
Iraq,IRQ,1990,4.650264
Iraq,IRQ,1991,2.145184
Iraq,IRQ,1992,5.219066
Iraq,IRQ,1993,6.161732
Iraq,IRQ,1994,6.247761
Iraq,IRQ,1995,7.119707
Iraq,IRQ,1996,6.489375
Iraq,IRQ,1997,6.608055
Iraq,IRQ,1998,6.19756
Iraq,IRQ,1999,3.55905
Iraq,IRQ,2000,0.61
Iraq,IRQ,2001,0.62
Iraq,IRQ,2002,0.52
Iraq,IRQ,2003,0.43
Iraq,IRQ,2004,0.49
Iraq,IRQ,2005,6
Iraq,IRQ,2006,6.1
Iraq,IRQ,2007,5.74
Iraq,IRQ,2008,3.48
Iraq,IRQ,2009,3.23
Iraq,IRQ,2010,4.77
Iraq,IRQ,2011,3.4
Iraq,IRQ,2012,4.39
Iraq,IRQ,2013,4.81
Iraq,IRQ,2014,2.99
Iraq,IRQ,2015,2.61
Iraq,IRQ,2016,3.43
Iraq,IRQ,2017,2.24
Iraq,IRQ,2018,1.88
Iraq,IRQ,2019,5.02
Iraq,IRQ,2020,4.54
Iraq,IRQ,2021,3.73
Iraq,IRQ,2022,3.03
Iraq,IRQ,2023,1.76
Iraq,IRQ,2024,2.43
Ireland,IRL,1990,0.7
Ireland,IRL,1991,0.75
Ireland,IRL,1992,0.83
Ireland,IRL,1993,0.78
Ireland,IRL,1994,0.94
Ireland,IRL,1995,0.73
Ireland,IRL,1996,0.76
Ireland,IRL,1997,0.81
Ireland,IRL,1998,1.18
Ireland,IRL,1999,1.13
Ireland,IRL,2000,1.19
Ireland,IRL,2001,1.04
Ireland,IRL,2002,1.38
Ireland,IRL,2003,1.15
Ireland,IRL,2004,1.41
Ireland,IRL,2005,1.89
Ireland,IRL,2006,2.5
Ireland,IRL,2007,2.84
Ireland,IRL,2008,3.64
Ireland,IRL,2009,4.16
Ireland,IRL,2010,3.77
Ireland,IRL,2011,5.5
Ireland,IRL,2012,5.32
Ireland,IRL,2013,5.71
Ireland,IRL,2014,6.47
Ireland,IRL,2015,7.97
Ireland,IRL,2016,7.61
Ireland,IRL,2017,9.01
Ireland,IRL,2018,10.34
Ireland,IRL,2019,11.95
Ireland,IRL,2020,13.65
Ireland,IRL,2021,11.76
Ireland,IRL,2022,13.25
Ireland,IRL,2023,14.28
Ireland,IRL,2024,14.46
Ireland,IRL,2025,14.9
Israel,ISR,1990,0.003
Israel,ISR,1991,0.006
Israel,ISR,1992,0.029
Israel,ISR,1993,0.026
Israel,ISR,1994,0.023
Israel,ISR,1995,0.025
Israel,ISR,1996,0.024
Israel,ISR,1997,0.025
Israel,ISR,1998,0.025
Israel,ISR,1999,0.033
Israel,ISR,2000,0.03
Israel,ISR,2001,0.02
Israel,ISR,2002,0.03
Israel,ISR,2003,0.04
Israel,ISR,2004,0.04
Israel,ISR,2005,0.04
Israel,ISR,2006,0.02
Israel,ISR,2007,0.02
Israel,ISR,2008,0.04
Israel,ISR,2009,0.09
Israel,ISR,2010,0.17
Israel,ISR,2011,0.3
Israel,ISR,2012,0.49
Israel,ISR,2013,0.57
Israel,ISR,2014,0.96
Israel,ISR,2015,1.22
Israel,ISR,2016,1.7
Israel,ISR,2017,1.69
Israel,ISR,2018,1.88
Israel,ISR,2019,3.51
Israel,ISR,2020,4.44
Israel,ISR,2021,5.82
Israel,ISR,2022,7.47
Israel,ISR,2023,9.13
Israel,ISR,2024,11.1
Israel,ISR,2025,13.9
Italy,ITA,1965,45.309998
Italy,ITA,1966,47.071003
Italy,ITA,1967,45.815
Italy,ITA,1968,46.294
Italy,ITA,1969,44.978
Italy,ITA,1970,44.601
Italy,ITA,1971,43.288
Italy,ITA,1972,45.155
Italy,ITA,1973,41.368
Italy,ITA,1974,42.039997
Italy,ITA,1975,45.007
Italy,ITA,1976,42.988
Italy,ITA,1977,54.869
Italy,ITA,1978,49.302002
Italy,ITA,1979,49.772
Italy,ITA,1980,49.204
Italy,ITA,1981,46.503002
Italy,ITA,1982,44.982
Italy,ITA,1983,44.838
Italy,ITA,1984,45.873
Italy,ITA,1985,43.927998
Italy,ITA,1986,44.121002
Italy,ITA,1987,42.748
Italy,ITA,1988,44.015
Italy,ITA,1989,37.39302
Italy,ITA,1990,34.9
Italy,ITA,1991,45.53
Italy,ITA,1992,45.77
Italy,ITA,1993,45.22
Italy,ITA,1994,48.25
Italy,ITA,1995,41.46
Italy,ITA,1996,46.22
Italy,ITA,1997,46.19
Italy,ITA,1998,46.48
Italy,ITA,1999,51.32
Italy,ITA,2000,50.87
Italy,ITA,2001,54.35
Italy,ITA,2002,48.31
Italy,ITA,2003,46.86
Italy,ITA,2004,53.87
Italy,ITA,2005,48.43
Italy,ITA,2006,50.64
Italy,ITA,2007,47.72
Italy,ITA,2008,58.16
Italy,ITA,2009,69.26
Italy,ITA,2010,76.97
Italy,ITA,2011,82.95
Italy,ITA,2012,92.22
Italy,ITA,2013,112
Italy,ITA,2014,120.68
Italy,ITA,2015,108.89
Italy,ITA,2016,108.01
Italy,ITA,2017,103.89
Italy,ITA,2018,114.41
Italy,ITA,2019,115.83
Italy,ITA,2020,116.9
Italy,ITA,2021,116.33
Italy,ITA,2022,100.46
Italy,ITA,2023,116.52
Italy,ITA,2024,134.24
Italy,ITA,2025,129.11
Jamaica,JAM,2000,0.31
Jamaica,JAM,2001,0.23
Jamaica,JAM,2002,0.15
Jamaica,JAM,2003,0.18
Jamaica,JAM,2004,0.23
Jamaica,JAM,2005,0.27
Jamaica,JAM,2006,0.28
Jamaica,JAM,2007,0.3
Jamaica,JAM,2008,0.26
Jamaica,JAM,2009,0.33
Jamaica,JAM,2010,0.33
Jamaica,JAM,2011,0.38
Jamaica,JAM,2012,0.44
Jamaica,JAM,2013,0.4
Jamaica,JAM,2014,0.42
Jamaica,JAM,2015,0.44
Jamaica,JAM,2016,0.55
Jamaica,JAM,2017,0.51
Jamaica,JAM,2018,0.58
Jamaica,JAM,2019,0.59
Jamaica,JAM,2020,0.59
Jamaica,JAM,2021,0.58
Jamaica,JAM,2022,0.58
Jamaica,JAM,2023,0.58
Jamaica,JAM,2024,0.62
Japan,JPN,1965,76.07
Japan,JPN,1966,79.35
Japan,JPN,1967,68.55
Japan,JPN,1968,73.45
Japan,JPN,1969,75.35
Japan,JPN,1970,75.64271
Japan,JPN,1971,84.43561
Japan,JPN,1972,85.34859
Japan,JPN,1973,67.032
Japan,JPN,1974,82.98755
Japan,JPN,1975,83.78451
Japan,JPN,1976,83.95755
Japan,JPN,1977,73.50178
Japan,JPN,1978,70.87464
Japan,JPN,1979,81.84273
Japan,JPN,1980,89.38344
Japan,JPN,1981,88.73053
Japan,JPN,1982,91.47677
Japan,JPN,1983,95.30324
Japan,JPN,1984,83.73602
Japan,JPN,1985,95.57348
Japan,JPN,1986,94.61936
Japan,JPN,1987,89.57947
Japan,JPN,1988,106.27756
Japan,JPN,1989,108.78798
Japan,JPN,1990,98.23612
Japan,JPN,1991,106.067856
Japan,JPN,1992,91.90662
Japan,JPN,1993,104.162834
Japan,JPN,1994,77.96449
Japan,JPN,1995,93.1286
Japan,JPN,1996,92.477104
Japan,JPN,1997,102.97489
Japan,JPN,1998,105.40195
Japan,JPN,1999,100.533195
Japan,JPN,2000,101.03
Japan,JPN,2001,98.32
Japan,JPN,2002,98.64
Japan,JPN,2003,112.13
Japan,JPN,2004,112.43
Japan,JPN,2005,102.79
Japan,JPN,2006,114.47
Japan,JPN,2007,101.76
Japan,JPN,2008,101.98
Japan,JPN,2009,97.28
Japan,JPN,2010,118.24
Japan,JPN,2011,113.5
Japan,JPN,2012,111.33
Japan,JPN,2013,120.55
Japan,JPN,2014,133.9
Japan,JPN,2015,154.02
Japan,JPN,2016,151.77
Japan,JPN,2017,163.3
Japan,JPN,2018,175.34
Japan,JPN,2019,176.41
Japan,JPN,2020,193.03
Japan,JPN,2021,208.14
Japan,JPN,2022,213.19
Japan,JPN,2023,222.86
Japan,JPN,2024,233.11
Japan,JPN,2025,242.73
Jordan,JOR,2000,0.04
Jordan,JOR,2001,0.04
Jordan,JOR,2002,0.05
Jordan,JOR,2003,0.05
Jordan,JOR,2004,0.06
Jordan,JOR,2005,0.06
Jordan,JOR,2006,0.06
Jordan,JOR,2007,0.07
Jordan,JOR,2008,0.07
Jordan,JOR,2009,0.07
Jordan,JOR,2010,0.07
Jordan,JOR,2011,0.06
Jordan,JOR,2012,0.07
Jordan,JOR,2013,0.06
Jordan,JOR,2014,0.07
Jordan,JOR,2015,0.23
Jordan,JOR,2016,0.86
Jordan,JOR,2017,1.4
Jordan,JOR,2018,2.16
Jordan,JOR,2019,2.96
Jordan,JOR,2020,3.92
Jordan,JOR,2021,4.91
Jordan,JOR,2022,5.22
Jordan,JOR,2023,5.22
Jordan,JOR,2024,5.7
Kazakhstan,KAZ,1990,7.366
Kazakhstan,KAZ,1991,7.2
Kazakhstan,KAZ,1992,6.866
Kazakhstan,KAZ,1993,7.629
Kazakhstan,KAZ,1994,9.179
Kazakhstan,KAZ,1995,8.331
Kazakhstan,KAZ,1996,7.331
Kazakhstan,KAZ,1997,6.499
Kazakhstan,KAZ,1998,6.141
Kazakhstan,KAZ,1999,6.132
Kazakhstan,KAZ,2000,7.53
Kazakhstan,KAZ,2001,8.08
Kazakhstan,KAZ,2002,8.89
Kazakhstan,KAZ,2003,8.62
Kazakhstan,KAZ,2004,8.06
Kazakhstan,KAZ,2005,7.86
Kazakhstan,KAZ,2006,7.77
Kazakhstan,KAZ,2007,8.17
Kazakhstan,KAZ,2008,7.46
Kazakhstan,KAZ,2009,6.88
Kazakhstan,KAZ,2010,8.02
Kazakhstan,KAZ,2011,7.88
Kazakhstan,KAZ,2012,7.64
Kazakhstan,KAZ,2013,7.73
Kazakhstan,KAZ,2014,8.27
Kazakhstan,KAZ,2015,9.45
Kazakhstan,KAZ,2016,11.98
Kazakhstan,KAZ,2017,11.64
Kazakhstan,KAZ,2018,10.91
Kazakhstan,KAZ,2019,11.09
Kazakhstan,KAZ,2020,11.94
Kazakhstan,KAZ,2021,12.59
Kazakhstan,KAZ,2022,13.28
Kazakhstan,KAZ,2023,14.46
Kazakhstan,KAZ,2024,18.03
Kazakhstan,KAZ,2025,18.38
Kenya,KEN,2000,1.74
Kenya,KEN,2001,2.86
Kenya,KEN,2002,3.95
Kenya,KEN,2003,4.49
Kenya,KEN,2004,4.34
Kenya,KEN,2005,4.47
Kenya,KEN,2006,4.72
Kenya,KEN,2007,4.94
Kenya,KEN,2008,4.47
Kenya,KEN,2009,3.97
Kenya,KEN,2010,5.33
Kenya,KEN,2011,5.42
Kenya,KEN,2012,6.33
Kenya,KEN,2013,6.33
Kenya,KEN,2014,7.03
Kenya,KEN,2015,8.81
Kenya,KEN,2016,8.64
Kenya,KEN,2017,8.76
Kenya,KEN,2018,9.75
Kenya,KEN,2019,10.25
Kenya,KEN,2020,10.93
Kenya,KEN,2021,11.12
Kenya,KEN,2022,11.38
Kenya,KEN,2023,11.49
Kenya,KEN,2024,12.13
Kenya,KEN,2025,12.64
Kiribati,KIR,2000,0
Kiribati,KIR,2001,0
Kiribati,KIR,2002,0
Kiribati,KIR,2003,0
Kiribati,KIR,2004,0
Kiribati,KIR,2005,0
Kiribati,KIR,2006,0
Kiribati,KIR,2007,0
Kiribati,KIR,2008,0
Kiribati,KIR,2009,0
Kiribati,KIR,2010,0
Kiribati,KIR,2011,0
Kiribati,KIR,2012,0
Kiribati,KIR,2013,0
Kiribati,KIR,2014,0
Kiribati,KIR,2015,0
Kiribati,KIR,2016,0
Kiribati,KIR,2017,0
Kiribati,KIR,2018,0
Kiribati,KIR,2019,0.01
Kiribati,KIR,2020,0.01
Kiribati,KIR,2021,0.01
Kiribati,KIR,2022,0.01
Kiribati,KIR,2023,0.01
Kiribati,KIR,2024,0.01
Kosovo,OWID_KOS,2000,0.05
Kosovo,OWID_KOS,2001,0.05
Kosovo,OWID_KOS,2002,0.05
Kosovo,OWID_KOS,2003,0.05
Kosovo,OWID_KOS,2004,0.11
Kosovo,OWID_KOS,2005,0.11
Kosovo,OWID_KOS,2006,0.1
Kosovo,OWID_KOS,2007,0.09
Kosovo,OWID_KOS,2008,0.08
Kosovo,OWID_KOS,2009,0.12
Kosovo,OWID_KOS,2010,0.16
Kosovo,OWID_KOS,2011,0.1
Kosovo,OWID_KOS,2012,0.1
Kosovo,OWID_KOS,2013,0.14
Kosovo,OWID_KOS,2014,0.15
Kosovo,OWID_KOS,2015,0.14
Kosovo,OWID_KOS,2016,0.25
Kosovo,OWID_KOS,2017,0.18
Kosovo,OWID_KOS,2018,0.3
Kosovo,OWID_KOS,2019,0.31
Kosovo,OWID_KOS,2020,0.36
Kosovo,OWID_KOS,2021,0.45
Kosovo,OWID_KOS,2022,0.45
Kosovo,OWID_KOS,2023,0.8
Kosovo,OWID_KOS,2024,0.58
Kosovo,OWID_KOS,2025,0.59
Kuwait,KWT,1990,0
Kuwait,KWT,1991,0
Kuwait,KWT,1992,0
Kuwait,KWT,1993,0
Kuwait,KWT,1994,0
Kuwait,KWT,1995,0
Kuwait,KWT,1996,0
Kuwait,KWT,1997,0
Kuwait,KWT,1998,0
Kuwait,KWT,1999,0
Kuwait,KWT,2000,0
Kuwait,KWT,2001,0
Kuwait,KWT,2002,0
Kuwait,KWT,2003,0
Kuwait,KWT,2004,0
Kuwait,KWT,2005,0
Kuwait,KWT,2006,0
Kuwait,KWT,2007,0
Kuwait,KWT,2008,0
Kuwait,KWT,2009,0
Kuwait,KWT,2010,0
Kuwait,KWT,2011,0
Kuwait,KWT,2012,0
Kuwait,KWT,2013,0.01
Kuwait,KWT,2014,0.01
Kuwait,KWT,2015,0.01
Kuwait,KWT,2016,0.02
Kuwait,KWT,2017,0.04
Kuwait,KWT,2018,0.09
Kuwait,KWT,2019,0.1
Kuwait,KWT,2020,0.09
Kuwait,KWT,2021,0.21
Kuwait,KWT,2022,1.9
Kuwait,KWT,2023,1.91
Kuwait,KWT,2024,2.07
Kuwait,KWT,2025,2.07
Kyrgyzstan,KGZ,2000,13.55
Kyrgyzstan,KGZ,2001,12.31
Kyrgyzstan,KGZ,2002,10.68
Kyrgyzstan,KGZ,2003,13.38
Kyrgyzstan,KGZ,2004,13.95
Kyrgyzstan,KGZ,2005,12.66
Kyrgyzstan,KGZ,2006,12.35
Kyrgyzstan,KGZ,2007,12.61
Kyrgyzstan,KGZ,2008,10.02
Kyrgyzstan,KGZ,2009,10.11
Kyrgyzstan,KGZ,2010,11
Kyrgyzstan,KGZ,2011,14
Kyrgyzstan,KGZ,2012,14.04
Kyrgyzstan,KGZ,2013,13
Kyrgyzstan,KGZ,2014,13.16
Kyrgyzstan,KGZ,2015,10.99
Kyrgyzstan,KGZ,2016,11.38
Kyrgyzstan,KGZ,2017,14.06
Kyrgyzstan,KGZ,2018,14.17
Kyrgyzstan,KGZ,2019,13.71
Kyrgyzstan,KGZ,2020,13.98
Kyrgyzstan,KGZ,2021,12.96
Kyrgyzstan,KGZ,2022,11.9
Kyrgyzstan,KGZ,2023,11.76
Kyrgyzstan,KGZ,2024,14
Kyrgyzstan,KGZ,2025,13.37
Laos,LAO,2000,3.28
Laos,LAO,2001,3.3
Laos,LAO,2002,3.21
Laos,LAO,2003,2.83
Laos,LAO,2004,3
Laos,LAO,2005,3.51
Laos,LAO,2006,3.6
Laos,LAO,2007,3.37
Laos,LAO,2008,3.72
Laos,LAO,2009,3.37
Laos,LAO,2010,8.36
Laos,LAO,2011,12.84
Laos,LAO,2012,12.93
Laos,LAO,2013,15.36
Laos,LAO,2014,15.12
Laos,LAO,2015,13.9
Laos,LAO,2016,17.53
Laos,LAO,2017,20.14
Laos,LAO,2018,22.4
Laos,LAO,2019,19.83
Laos,LAO,2020,28.61
Laos,LAO,2021,33.02
Laos,LAO,2022,38.86
Laos,LAO,2023,40.12
Laos,LAO,2024,40.13
Latin America and Caribbean (Ember),,2000,605.17
Latin America and Caribbean (Ember),,2001,566.27
Latin America and Caribbean (Ember),,2002,589.12
Latin America and Caribbean (Ember),,2003,610.29
Latin America and Caribbean (Ember),,2004,640.12
Latin America and Caribbean (Ember),,2005,678.81
Latin America and Caribbean (Ember),,2006,709.86
Latin America and Caribbean (Ember),,2007,735.32
Latin America and Caribbean (Ember),,2008,754.43
Latin America and Caribbean (Ember),,2009,763.92
Latin America and Caribbean (Ember),,2010,790.04
Latin America and Caribbean (Ember),,2011,835.73
Latin America and Caribbean (Ember),,2012,826.39
Latin America and Caribbean (Ember),,2013,818.53
Latin America and Caribbean (Ember),,2014,806.36
Latin America and Caribbean (Ember),,2015,820.07
Latin America and Caribbean (Ember),,2016,856.89
Latin America and Caribbean (Ember),,2017,883.49
Latin America and Caribbean (Ember),,2018,921.47
Latin America and Caribbean (Ember),,2019,926.08
Latin America and Caribbean (Ember),,2020,955.95
Latin America and Caribbean (Ember),,2021,977.85
Latin America and Caribbean (Ember),,2022,1074.69
Latin America and Caribbean (Ember),,2023,1115.76
Latin America and Caribbean (Ember),,2024,1145.35
Latin America and Caribbean (Ember),,2025,1172.35
Latvia,LVA,1990,4.5
Latvia,LVA,1991,3.28
Latvia,LVA,1992,2.52
Latvia,LVA,1993,2.88
Latvia,LVA,1994,3.31
Latvia,LVA,1995,2.94
Latvia,LVA,1996,1.86
Latvia,LVA,1997,2.95
Latvia,LVA,1998,4.32
Latvia,LVA,1999,2.76
Latvia,LVA,2000,2.82
Latvia,LVA,2001,2.83
Latvia,LVA,2002,2.48
Latvia,LVA,2003,2.34
Latvia,LVA,2004,3.2
Latvia,LVA,2005,3.42
Latvia,LVA,2006,2.79
Latvia,LVA,2007,2.82
Latvia,LVA,2008,3.21
Latvia,LVA,2009,3.56
Latvia,LVA,2010,3.64
Latvia,LVA,2011,3.08
Latvia,LVA,2012,4.11
Latvia,LVA,2013,3.53
Latvia,LVA,2014,2.8
Latvia,LVA,2015,2.78
Latvia,LVA,2016,3.48
Latvia,LVA,2017,5.46
Latvia,LVA,2018,3.49
Latvia,LVA,2019,3.19
Latvia,LVA,2020,3.64
Latvia,LVA,2021,3.72
Latvia,LVA,2022,3.82
Latvia,LVA,2023,4.96
Latvia,LVA,2024,4.65
Latvia,LVA,2025,4.58
Lebanon,LBN,2000,0.44
Lebanon,LBN,2001,0.33
Lebanon,LBN,2002,0.67
Lebanon,LBN,2003,1.35
Lebanon,LBN,2004,1.11
Lebanon,LBN,2005,1.04
Lebanon,LBN,2006,0.69
Lebanon,LBN,2007,0.58
Lebanon,LBN,2008,0.37
Lebanon,LBN,2009,0.62
Lebanon,LBN,2010,0.83
Lebanon,LBN,2011,0.8
Lebanon,LBN,2012,1
Lebanon,LBN,2013,1.26
Lebanon,LBN,2014,0.21
Lebanon,LBN,2015,0.5
Lebanon,LBN,2016,0.43
Lebanon,LBN,2017,0.48
Lebanon,LBN,2018,0.47
Lebanon,LBN,2019,1.12
Lebanon,LBN,2020,1.23
Lebanon,LBN,2021,0.96
Lebanon,LBN,2022,1.99
Lebanon,LBN,2023,2.14
Lebanon,LBN,2024,2.34
Lesotho,LSO,2000,0.29
Lesotho,LSO,2001,0.28
Lesotho,LSO,2002,0.31
Lesotho,LSO,2003,0.32
Lesotho,LSO,2004,0.3
Lesotho,LSO,2005,0.46
Lesotho,LSO,2006,0.52
Lesotho,LSO,2007,0.55
Lesotho,LSO,2008,0.58
Lesotho,LSO,2009,0.65
Lesotho,LSO,2010,0.69
Lesotho,LSO,2011,0.49
Lesotho,LSO,2012,0.49
Lesotho,LSO,2013,0.51
Lesotho,LSO,2014,0.52
Lesotho,LSO,2015,0.53
Lesotho,LSO,2016,0.52
Lesotho,LSO,2017,0.54
Lesotho,LSO,2018,0.52
Lesotho,LSO,2019,0.39
Lesotho,LSO,2020,0.43
Lesotho,LSO,2021,0.53
Lesotho,LSO,2022,0.48
Lesotho,LSO,2023,0
Lesotho,LSO,2024,0
Liberia,LBR,2000,0
Liberia,LBR,2001,0
Liberia,LBR,2002,0
Liberia,LBR,2003,0
Liberia,LBR,2004,0
Liberia,LBR,2005,0
Liberia,LBR,2006,0
Liberia,LBR,2007,0
Liberia,LBR,2008,0
Liberia,LBR,2009,0
Liberia,LBR,2010,0
Liberia,LBR,2011,0
Liberia,LBR,2012,0
Liberia,LBR,2013,0
Liberia,LBR,2014,0
Liberia,LBR,2015,0
Liberia,LBR,2016,0
Liberia,LBR,2017,0
Liberia,LBR,2018,0.13
Liberia,LBR,2019,0.13
Liberia,LBR,2020,0.13
Liberia,LBR,2021,0.13
Liberia,LBR,2022,0.13
Liberia,LBR,2023,0.35
Liberia,LBR,2024,0.31
Libya,LBY,2000,0
Libya,LBY,2001,0
Libya,LBY,2002,0
Libya,LBY,2003,0
Libya,LBY,2004,0
Libya,LBY,2005,0
Libya,LBY,2006,0
Libya,LBY,2007,0
Libya,LBY,2008,0
Libya,LBY,2009,0
Libya,LBY,2010,0.01
Libya,LBY,2011,0.01
Libya,LBY,2012,0.01
Libya,LBY,2013,0.01
Libya,LBY,2014,0.01
Libya,LBY,2015,0.01
Libya,LBY,2016,0.01
Libya,LBY,2017,0.01
Libya,LBY,2018,0.01
Libya,LBY,2019,0.01
Libya,LBY,2020,0.01
Libya,LBY,2021,0.01
Libya,LBY,2022,0.01
Libya,LBY,2023,0.01
Libya,LBY,2024,0.01
Lithuania,LTU,1990,0.41
Lithuania,LTU,1991,0.34
Lithuania,LTU,1992,0.31
Lithuania,LTU,1993,0.39
Lithuania,LTU,1994,0.45
Lithuania,LTU,1995,0.37
Lithuania,LTU,1996,0.33
Lithuania,LTU,1997,0.3
Lithuania,LTU,1998,0.42
Lithuania,LTU,1999,0.41
Lithuania,LTU,2000,0.34
Lithuania,LTU,2001,0.33
Lithuania,LTU,2002,0.35
Lithuania,LTU,2003,0.33
Lithuania,LTU,2004,0.43
Lithuania,LTU,2005,0.46
Lithuania,LTU,2006,0.43
Lithuania,LTU,2007,0.58
Lithuania,LTU,2008,0.6
Lithuania,LTU,2009,0.68
Lithuania,LTU,2010,0.91
Lithuania,LTU,2011,1.11
Lithuania,LTU,2012,1.18
Lithuania,LTU,2013,1.53
Lithuania,LTU,2014,1.51
Lithuania,LTU,2015,1.68
Lithuania,LTU,2016,2.1
Lithuania,LTU,2017,2.53
Lithuania,LTU,2018,2.2
Lithuania,LTU,2019,2.47
Lithuania,LTU,2020,2.57
Lithuania,LTU,2021,2.62
Lithuania,LTU,2022,3.02
Lithuania,LTU,2023,4.44
Lithuania,LTU,2024,6.23
Lithuania,LTU,2025,6.9
Low-income countries,OWID_LIC,2000,36
Low-income countries,OWID_LIC,2001,39.29
Low-income countries,OWID_LIC,2002,39.68
Low-income countries,OWID_LIC,2003,39.78
Low-income countries,OWID_LIC,2004,44.12
Low-income countries,OWID_LIC,2005,47.5
Low-income countries,OWID_LIC,2006,48.14
Low-income countries,OWID_LIC,2007,50.67
Low-income countries,OWID_LIC,2008,49.85
Low-income countries,OWID_LIC,2009,51.59
Low-income countries,OWID_LIC,2010,58.2
Low-income countries,OWID_LIC,2011,59.8
Low-income countries,OWID_LIC,2012,61.03
Low-income countries,OWID_LIC,2013,65.22
Low-income countries,OWID_LIC,2014,67.91
Low-income countries,OWID_LIC,2015,64.83
Low-income countries,OWID_LIC,2016,69.35
Low-income countries,OWID_LIC,2017,69.159996
Low-income countries,OWID_LIC,2018,72.83
Low-income countries,OWID_LIC,2019,76.23
Low-income countries,OWID_LIC,2020,80.82
Low-income countries,OWID_LIC,2021,86.26
Low-income countries,OWID_LIC,2022,92.01
Low-income countries,OWID_LIC,2023,92.51
Low-income countries,OWID_LIC,2024,100.41
Lower-middle-income countries,OWID_LMC,2000,258.72
Lower-middle-income countries,OWID_LMC,2001,256.46
Lower-middle-income countries,OWID_LMC,2002,260.59
Lower-middle-income countries,OWID_LMC,2003,276.52
Lower-middle-income countries,OWID_LMC,2004,321
Lower-middle-income countries,OWID_LMC,2005,335.28
Lower-middle-income countries,OWID_LMC,2006,359.87
Lower-middle-income countries,OWID_LMC,2007,375.23
Lower-middle-income countries,OWID_LMC,2008,376.92
Lower-middle-income countries,OWID_LMC,2009,374.04
Lower-middle-income countries,OWID_LMC,2010,392.33
Lower-middle-income countries,OWID_LMC,2011,432.31
Lower-middle-income countries,OWID_LMC,2012,429.25
Lower-middle-income countries,OWID_LMC,2013,459.89
Lower-middle-income countries,OWID_LMC,2014,459.52
Lower-middle-income countries,OWID_LMC,2015,466.92
Lower-middle-income countries,OWID_LMC,2016,468.08
Lower-middle-income countries,OWID_LMC,2017,501.87
Lower-middle-income countries,OWID_LMC,2018,545.64996
Lower-middle-income countries,OWID_LMC,2019,577.35004
Lower-middle-income countries,OWID_LMC,2020,620.99
Lower-middle-income countries,OWID_LMC,2021,666
Lower-middle-income countries,OWID_LMC,2022,732.95
Lower-middle-income countries,OWID_LMC,2023,749.29
Lower-middle-income countries,OWID_LMC,2024,810.74
Luxembourg,LUX,1990,0.08
Luxembourg,LUX,1991,0.09
Luxembourg,LUX,1992,0.08
Luxembourg,LUX,1993,0.08
Luxembourg,LUX,1994,0.11
Luxembourg,LUX,1995,0.11
Luxembourg,LUX,1996,0.08
Luxembourg,LUX,1997,0.1
Luxembourg,LUX,1998,0.15
Luxembourg,LUX,1999,0.13
Luxembourg,LUX,2000,0.16
Luxembourg,LUX,2001,0.17
Luxembourg,LUX,2002,0.15
Luxembourg,LUX,2003,0.14
Luxembourg,LUX,2004,0.19
Luxembourg,LUX,2005,0.21
Luxembourg,LUX,2006,0.25
Luxembourg,LUX,2007,0.26
Luxembourg,LUX,2008,0.28
Luxembourg,LUX,2009,0.27
Luxembourg,LUX,2010,0.27
Luxembourg,LUX,2011,0.24
Luxembourg,LUX,2012,0.31
Luxembourg,LUX,2013,0.36
Luxembourg,LUX,2014,0.4
Luxembourg,LUX,2015,0.43
Luxembourg,LUX,2016,0.46
Luxembourg,LUX,2017,0.6
Luxembourg,LUX,2018,0.68
Luxembourg,LUX,2019,0.8
Luxembourg,LUX,2020,0.97
Luxembourg,LUX,2021,0.99
Luxembourg,LUX,2022,1.04
Luxembourg,LUX,2023,1.26
Luxembourg,LUX,2024,1.37
Luxembourg,LUX,2025,1.41
Macao,MAC,2000,0
Macao,MAC,2001,0.06
Macao,MAC,2002,0.07
Macao,MAC,2003,0.15
Macao,MAC,2004,0.15
Macao,MAC,2005,0.16
Macao,MAC,2006,0.17
Macao,MAC,2007,0.17
Macao,MAC,2008,0.18
Macao,MAC,2009,0.18
Macao,MAC,2010,0.2
Macao,MAC,2011,0.21
Macao,MAC,2012,0.23
Macao,MAC,2013,0.24
Macao,MAC,2014,0.26
Macao,MAC,2015,0.2
Macao,MAC,2016,0.2
Macao,MAC,2017,0.21
Macao,MAC,2018,0.18
Macao,MAC,2019,0.22
Macao,MAC,2020,0.19
Macao,MAC,2021,0.21
Macao,MAC,2022,0.2
Macao,MAC,2023,0.22
Macao,MAC,2024,0.24
Madagascar,MDG,2000,0.55
Madagascar,MDG,2001,0.54
Madagascar,MDG,2002,0.55
Madagascar,MDG,2003,0.61
Madagascar,MDG,2004,0.64
Madagascar,MDG,2005,0.65
Madagascar,MDG,2006,0.64
Madagascar,MDG,2007,0.72
Madagascar,MDG,2008,0.7
Madagascar,MDG,2009,0.74
Madagascar,MDG,2010,0.71
Madagascar,MDG,2011,0.7
Madagascar,MDG,2012,0.77
Madagascar,MDG,2013,0.83
Madagascar,MDG,2014,0.91
Madagascar,MDG,2015,0.97
Madagascar,MDG,2016,0.92
Madagascar,MDG,2017,0.83
Madagascar,MDG,2018,1.03
Madagascar,MDG,2019,0.95
Madagascar,MDG,2020,0.88
Madagascar,MDG,2021,0.84
Madagascar,MDG,2022,0.93
Madagascar,MDG,2023,1.09
Madagascar,MDG,2024,1.03
Malawi,MWI,2000,1.09
Malawi,MWI,2001,1.11
Malawi,MWI,2002,1.16
Malawi,MWI,2003,1.21
Malawi,MWI,2004,1.33
Malawi,MWI,2005,1.37
Malawi,MWI,2006,1.4
Malawi,MWI,2007,1.43
Malawi,MWI,2008,1.58
Malawi,MWI,2009,1.55
Malawi,MWI,2010,1.8
Malawi,MWI,2011,1.85
Malawi,MWI,2012,1.92
Malawi,MWI,2013,1.92
Malawi,MWI,2014,2.05
Malawi,MWI,2015,2.04
Malawi,MWI,2016,2.02
Malawi,MWI,2017,1.91
Malawi,MWI,2018,1.48
Malawi,MWI,2019,1.73
Malawi,MWI,2020,1.74
Malawi,MWI,2021,1.75
Malawi,MWI,2022,1.75
Malawi,MWI,2023,1.75
Malawi,MWI,2024,1.75
Malaysia,MYS,1971,1.046
Malaysia,MYS,1972,1.154
Malaysia,MYS,1973,1.108
Malaysia,MYS,1974,1.006
Malaysia,MYS,1975,1.005
Malaysia,MYS,1976,0.948
Malaysia,MYS,1977,0.769
Malaysia,MYS,1978,0.90395063
Malaysia,MYS,1979,1.1035241
Malaysia,MYS,1980,1.4087542
Malaysia,MYS,1981,1.5613693
Malaysia,MYS,1982,1.5026711
Malaysia,MYS,1983,1.7492031
Malaysia,MYS,1984,3.4514477
Malaysia,MYS,1985,3.7684176
Malaysia,MYS,1986,4.120606
Malaysia,MYS,1987,4.9658585
Malaysia,MYS,1988,5.728934
Malaysia,MYS,1989,5.294568
Malaysia,MYS,1990,4.026689
Malaysia,MYS,1991,4.4493155
Malaysia,MYS,1992,4.286
Malaysia,MYS,1993,4.853
Malaysia,MYS,1994,6.483
Malaysia,MYS,1995,6.218
Malaysia,MYS,1996,5.184
Malaysia,MYS,1997,4.173
Malaysia,MYS,1998,4.457
Malaysia,MYS,1999,7.552
Malaysia,MYS,2000,7.56
Malaysia,MYS,2001,6.64
Malaysia,MYS,2002,5.81
Malaysia,MYS,2003,5.51
Malaysia,MYS,2004,6.15
Malaysia,MYS,2005,6.6
Malaysia,MYS,2006,6.94
Malaysia,MYS,2007,6.72
Malaysia,MYS,2008,8.61
Malaysia,MYS,2009,8.28
Malaysia,MYS,2010,7.62
Malaysia,MYS,2011,9.6
Malaysia,MYS,2012,10.76
Malaysia,MYS,2013,13.04
Malaysia,MYS,2014,14.31
Malaysia,MYS,2015,14.94
Malaysia,MYS,2016,21.09
Malaysia,MYS,2017,27.94
Malaysia,MYS,2018,28.31
Malaysia,MYS,2019,28.8
Malaysia,MYS,2020,30.59
Malaysia,MYS,2021,33.73
Malaysia,MYS,2022,35.76
Malaysia,MYS,2023,35.98
Malaysia,MYS,2024,40.35
Malaysia,MYS,2025,41.53
Maldives,MDV,2000,0
Maldives,MDV,2001,0
Maldives,MDV,2002,0
Maldives,MDV,2003,0
Maldives,MDV,2004,0
Maldives,MDV,2005,0
Maldives,MDV,2006,0
Maldives,MDV,2007,0
Maldives,MDV,2008,0
Maldives,MDV,2009,0
Maldives,MDV,2010,0
Maldives,MDV,2011,0
Maldives,MDV,2012,0
Maldives,MDV,2013,0
Maldives,MDV,2014,0.01
Maldives,MDV,2015,0.01
Maldives,MDV,2016,0.01
Maldives,MDV,2017,0.02
Maldives,MDV,2018,0.03
Maldives,MDV,2019,0.03
Maldives,MDV,2020,0.04
Maldives,MDV,2021,0.05
Maldives,MDV,2022,0.06
Maldives,MDV,2023,0.06
Maldives,MDV,2024,0.06
Mali,MLI,2000,0.28
Mali,MLI,2001,0.28
Mali,MLI,2002,0.29
Mali,MLI,2003,0.28
Mali,MLI,2004,0.3
Mali,MLI,2005,0.5
Mali,MLI,2006,0.53
Mali,MLI,2007,0.52
Mali,MLI,2008,0.62
Mali,MLI,2009,0.72
Mali,MLI,2010,1.16
Mali,MLI,2011,1.22
Mali,MLI,2012,1.32
Mali,MLI,2013,1.19
Mali,MLI,2014,1.46
Mali,MLI,2015,1.21
Mali,MLI,2016,1.57
Mali,MLI,2017,1.57
Mali,MLI,2018,1.45
Mali,MLI,2019,1.46
Mali,MLI,2020,1.61
Mali,MLI,2021,1.54
Mali,MLI,2022,1.86
Mali,MLI,2023,1.19
Mali,MLI,2024,1.16
Malta,MLT,1990,0
Malta,MLT,1991,0
Malta,MLT,1992,0
Malta,MLT,1993,0
Malta,MLT,1994,0
Malta,MLT,1995,0
Malta,MLT,1996,0
Malta,MLT,1997,0
Malta,MLT,1998,0
Malta,MLT,1999,0
Malta,MLT,2000,0
Malta,MLT,2001,0
Malta,MLT,2002,0
Malta,MLT,2003,0
Malta,MLT,2004,0
Malta,MLT,2005,0
Malta,MLT,2006,0
Malta,MLT,2007,0
Malta,MLT,2008,0
Malta,MLT,2009,0
Malta,MLT,2010,0
Malta,MLT,2011,0
Malta,MLT,2012,0.03
Malta,MLT,2013,0.04
Malta,MLT,2014,0.08
Malta,MLT,2015,0.1
Malta,MLT,2016,0.14
Malta,MLT,2017,0.17
Malta,MLT,2018,0.2
Malta,MLT,2019,0.21
Malta,MLT,2020,0.25
Malta,MLT,2021,0.27
Malta,MLT,2022,0.3
Malta,MLT,2023,0.32
Malta,MLT,2024,0.34
Malta,MLT,2025,0.35
Martinique,MTQ,2000,0
Martinique,MTQ,2001,0
Martinique,MTQ,2002,0.01
Martinique,MTQ,2003,0.01
Martinique,MTQ,2004,0.01
Martinique,MTQ,2005,0.01
Martinique,MTQ,2006,0.01
Martinique,MTQ,2007,0.02
Martinique,MTQ,2008,0.03
Martinique,MTQ,2009,0.03
Martinique,MTQ,2010,0.03
Martinique,MTQ,2011,0.05
Martinique,MTQ,2012,0.09
Martinique,MTQ,2013,0.09
Martinique,MTQ,2014,0.09
Martinique,MTQ,2015,0.09
Martinique,MTQ,2016,0.09
Martinique,MTQ,2017,0.09
Martinique,MTQ,2018,0.18
Martinique,MTQ,2019,0.39
Martinique,MTQ,2020,0.34
Martinique,MTQ,2021,0.38
Martinique,MTQ,2022,0.39
Martinique,MTQ,2023,0.39
Mauritania,MRT,2000,0.03
Mauritania,MRT,2001,0.03
Mauritania,MRT,2002,0.03
Mauritania,MRT,2003,0.04
Mauritania,MRT,2004,0.04
Mauritania,MRT,2005,0.05
Mauritania,MRT,2006,0.05
Mauritania,MRT,2007,0.05
Mauritania,MRT,2008,0.06
Mauritania,MRT,2009,0.11
Mauritania,MRT,2010,0.12
Mauritania,MRT,2011,0.13
Mauritania,MRT,2012,0.14
Mauritania,MRT,2013,0.21
Mauritania,MRT,2014,0.22
Mauritania,MRT,2015,0.32
Mauritania,MRT,2016,0.29
Mauritania,MRT,2017,0.33
Mauritania,MRT,2018,0.44
Mauritania,MRT,2019,0.47
Mauritania,MRT,2020,0.47
Mauritania,MRT,2021,0.45
Mauritania,MRT,2022,0.45
Mauritania,MRT,2023,0.45
Mauritania,MRT,2024,0.47
Mauritius,MUS,2000,0.52
Mauritius,MUS,2001,0.55
Mauritius,MUS,2002,0.54
Mauritius,MUS,2003,0.57
Mauritius,MUS,2004,0.59
Mauritius,MUS,2005,0.56
Mauritius,MUS,2006,0.53
Mauritius,MUS,2007,0.55
Mauritius,MUS,2008,0.6
Mauritius,MUS,2009,0.61
Mauritius,MUS,2010,0.65
Mauritius,MUS,2011,0.54
Mauritius,MUS,2012,0.57
Mauritius,MUS,2013,0.58
Mauritius,MUS,2014,0.6
Mauritius,MUS,2015,0.68
Mauritius,MUS,2016,0.67
Mauritius,MUS,2017,0.62
Mauritius,MUS,2018,0.64
Mauritius,MUS,2019,0.7
Mauritius,MUS,2020,0.7
Mauritius,MUS,2021,0.64
Mauritius,MUS,2022,0.61
Mauritius,MUS,2023,0.57
Mauritius,MUS,2024,0.61
Mexico,MEX,1971,14.572
Mexico,MEX,1972,15.531
Mexico,MEX,1973,16.532
Mexico,MEX,1974,17.171
Mexico,MEX,1975,15.7
Mexico,MEX,1976,17.834
Mexico,MEX,1977,19.785
Mexico,MEX,1978,16.814999
Mexico,MEX,1979,19.027
Mexico,MEX,1980,17.825
Mexico,MEX,1981,25.582
Mexico,MEX,1982,24.22
Mexico,MEX,1983,22.086
Mexico,MEX,1984,25.027
Mexico,MEX,1985,30.068293
Mexico,MEX,1986,24.691502
Mexico,MEX,1987,23.703194
Mexico,MEX,1988,26.46911
Mexico,MEX,1989,30.029194
Mexico,MEX,1990,29.606943
Mexico,MEX,1991,28.460775
Mexico,MEX,1992,33.183216
Mexico,MEX,1993,33.15969
Mexico,MEX,1994,26.499846
Mexico,MEX,1995,34.025112
Mexico,MEX,1996,37.532833
Mexico,MEX,1997,32.263344
Mexico,MEX,1998,30.75353
Mexico,MEX,1999,38.796318
Mexico,MEX,2000,39.46
Mexico,MEX,2001,34.72
Mexico,MEX,2002,30.96
Mexico,MEX,2003,26.83
Mexico,MEX,2004,32.47
Mexico,MEX,2005,35.88
Mexico,MEX,2006,38
Mexico,MEX,2007,35.85
Mexico,MEX,2008,47.39
Mexico,MEX,2009,34.9
Mexico,MEX,2010,46.47
Mexico,MEX,2011,45.93
Mexico,MEX,2012,43.06
Mexico,MEX,2013,40.12
Mexico,MEX,2014,53.64
Mexico,MEX,2015,48.24
Mexico,MEX,2016,48.98
Mexico,MEX,2017,50.78
Mexico,MEX,2018,55.24
Mexico,MEX,2019,57.5
Mexico,MEX,2020,69.37
Mexico,MEX,2021,82.09
Mexico,MEX,2022,83.13
Mexico,MEX,2023,71.28
Mexico,MEX,2024,75
Mexico,MEX,2025,82.43
Middle East (EI),,1971,3.7548983
Middle East (EI),,1972,4.5691648
Middle East (EI),,1973,3.7504175
Middle East (EI),,1974,4.8159366
Middle East (EI),,1975,5.4404545
Middle East (EI),,1976,6.3250394
Middle East (EI),,1977,7.0982018
Middle East (EI),,1978,9.812257
Middle East (EI),,1979,9.615829
Middle East (EI),,1980,9.682702
Middle East (EI),,1981,10.214353
Middle East (EI),,1982,10.605872
Middle East (EI),,1983,10.22087
Middle East (EI),,1984,10.373285
Middle East (EI),,1985,10.438
Middle East (EI),,1986,11.079
Middle East (EI),,1987,13.915
Middle East (EI),,1988,14.299
Middle East (EI),,1989,12.624
Middle East (EI),,1990,15.274264
Middle East (EI),,1991,11.010184
Middle East (EI),,1992,17.828066
Middle East (EI),,1993,20.047731
Middle East (EI),,1994,16.55076
Middle East (EI),,1995,18.653706
Middle East (EI),,1996,18.699375
Middle East (EI),,1997,15.930056
Middle East (EI),,1998,17.21356
Middle East (EI),,1999,11.83905
Middle East (EI),,2000,10.764676
Middle East (EI),,2001,11.669496
Middle East (EI),,2002,16.87318
Middle East (EI),,2003,18.533182
Middle East (EI),,2004,23.149761
Middle East (EI),,2005,24.009102
Middle East (EI),,2006,28.399723
Middle East (EI),,2007,26.870913
Middle East (EI),,2008,13.920041
Middle East (EI),,2009,12.441785
Middle East (EI),,2010,17.750576
Middle East (EI),,2011,18.81926
Middle East (EI),,2012,22.247719
Middle East (EI),,2013,24.572498
Middle East (EI),,2014,21.72022
Middle East (EI),,2015,19.087341
Middle East (EI),,2016,23.875315
Middle East (EI),,2017,25.59137
Middle East (EI),,2018,20.553703
Middle East (EI),,2019,53.549854
Middle East (EI),,2020,47.17407
Middle East (EI),,2021,41.077812
Middle East (EI),,2022,46.971016
Middle East (EI),,2023,69.24024
Middle East (EI),,2024,78.201256
Middle East (EI),,2025,92.28052
Middle East (Ember),,2000,8.2
Middle East (Ember),,2001,8.6
Middle East (Ember),,2002,11.79
Middle East (Ember),,2003,14.28
Middle East (Ember),,2004,17.89
Middle East (Ember),,2005,26.01
Middle East (Ember),,2006,29.48
Middle East (Ember),,2007,28.02
Middle East (Ember),,2008,14.5
Middle East (Ember),,2009,12.87
Middle East (Ember),,2010,18.91
Middle East (Ember),,2011,18.53
Middle East (Ember),,2012,21.8
Middle East (Ember),,2013,24.81
Middle East (Ember),,2014,21.85
Middle East (Ember),,2015,19.04
Middle East (Ember),,2016,23.71
Middle East (Ember),,2017,25.52
Middle East (Ember),,2018,20.2
Middle East (Ember),,2019,53.29
Middle East (Ember),,2020,46.98
Middle East (Ember),,2021,40.93
Middle East (Ember),,2022,49.57
Middle East (Ember),,2023,70.32
Middle East (Ember),,2024,76.77
Middle East (Ember),,2025,80.28
Moldova,MDA,2000,0.39
Moldova,MDA,2001,0.36
Moldova,MDA,2002,0.35
Moldova,MDA,2003,0.36
Moldova,MDA,2004,0.35
Moldova,MDA,2005,0.36
Moldova,MDA,2006,0.37
Moldova,MDA,2007,0.35
Moldova,MDA,2008,0.38
Moldova,MDA,2009,0.35
Moldova,MDA,2010,0.4
Moldova,MDA,2011,0.35
Moldova,MDA,2012,0.27
Moldova,MDA,2013,0.31
Moldova,MDA,2014,0.33
Moldova,MDA,2015,0.27
Moldova,MDA,2016,0.24
Moldova,MDA,2017,0.31
Moldova,MDA,2018,0.32
Moldova,MDA,2019,0.37
Moldova,MDA,2020,0.36
Moldova,MDA,2021,0.44
Moldova,MDA,2022,0.51
Moldova,MDA,2023,0.61
Moldova,MDA,2024,0.65
Moldova,MDA,2025,0.69
Mongolia,MNG,2000,0
Mongolia,MNG,2001,0
Mongolia,MNG,2002,0
Mongolia,MNG,2003,0
Mongolia,MNG,2004,0
Mongolia,MNG,2005,0
Mongolia,MNG,2006,0
Mongolia,MNG,2007,0
Mongolia,MNG,2008,0.01
Mongolia,MNG,2009,0.03
Mongolia,MNG,2010,0.05
Mongolia,MNG,2011,0.06
Mongolia,MNG,2012,0.06
Mongolia,MNG,2013,0.12
Mongolia,MNG,2014,0.21
Mongolia,MNG,2015,0.22
Mongolia,MNG,2016,0.25
Mongolia,MNG,2017,0.25
Mongolia,MNG,2018,0.44
Mongolia,MNG,2019,0.69
Mongolia,MNG,2020,0.68
Mongolia,MNG,2021,0.83
Mongolia,MNG,2022,0.76
Mongolia,MNG,2023,0.76
Mongolia,MNG,2024,0.78
Mongolia,MNG,2025,0.81
Montenegro,MNE,2005,1.87
Montenegro,MNE,2006,1.75
Montenegro,MNE,2007,1.28
Montenegro,MNE,2008,1.54
Montenegro,MNE,2009,2.07
Montenegro,MNE,2010,2.75
Montenegro,MNE,2011,1.2
Montenegro,MNE,2012,1.48
Montenegro,MNE,2013,2.5
Montenegro,MNE,2014,1.75
Montenegro,MNE,2015,1.49
Montenegro,MNE,2016,1.84
Montenegro,MNE,2017,1.12
Montenegro,MNE,2018,2.25
Montenegro,MNE,2019,1.93
Montenegro,MNE,2020,1.77
Montenegro,MNE,2021,2.33
Montenegro,MNE,2022,1.76
Montenegro,MNE,2023,2.55
Montenegro,MNE,2024,2.1
Montenegro,MNE,2025,1.86
Montserrat,MSR,2000,0
Montserrat,MSR,2001,0
Montserrat,MSR,2002,0
Montserrat,MSR,2003,0
Montserrat,MSR,2004,0
Montserrat,MSR,2005,0
Montserrat,MSR,2006,0
Montserrat,MSR,2007,0
Montserrat,MSR,2008,0
Montserrat,MSR,2009,0
Montserrat,MSR,2010,0
Montserrat,MSR,2011,0
Montserrat,MSR,2012,0
Montserrat,MSR,2013,0
Montserrat,MSR,2014,0
Montserrat,MSR,2015,0
Montserrat,MSR,2016,0
Montserrat,MSR,2017,0
Montserrat,MSR,2018,0
Montserrat,MSR,2019,0
Montserrat,MSR,2020,0
Montserrat,MSR,2021,0
Montserrat,MSR,2022,0
Montserrat,MSR,2023,0
Montserrat,MSR,2024,0
Morocco,MAR,1971,1.52
Morocco,MAR,1972,1.596
Morocco,MAR,1973,1.192
Morocco,MAR,1974,1.337
Morocco,MAR,1975,1.016
Morocco,MAR,1976,0.998
Morocco,MAR,1977,1.365
Morocco,MAR,1978,1.416
Morocco,MAR,1979,1.582
Morocco,MAR,1980,1.515
Morocco,MAR,1981,1.024
Morocco,MAR,1982,0.572
Morocco,MAR,1983,0.481
Morocco,MAR,1984,0.366
Morocco,MAR,1985,0.486
Morocco,MAR,1986,0.643
Morocco,MAR,1987,0.825
Morocco,MAR,1988,0.936
Morocco,MAR,1989,1.157
Morocco,MAR,1990,1.22
Morocco,MAR,1991,1.226
Morocco,MAR,1992,0.964
Morocco,MAR,1993,0.443
Morocco,MAR,1994,0.84
Morocco,MAR,1995,0.611
Morocco,MAR,1996,1.957
Morocco,MAR,1997,2.083
Morocco,MAR,1998,1.777
Morocco,MAR,1999,0.825
Morocco,MAR,2000,0.77
Morocco,MAR,2001,1.07
Morocco,MAR,2002,1.03
Morocco,MAR,2003,1.64
Morocco,MAR,2004,1.79
Morocco,MAR,2005,1.64
Morocco,MAR,2006,1.78
Morocco,MAR,2007,1.61
Morocco,MAR,2008,1.67
Morocco,MAR,2009,3.34
Morocco,MAR,2010,4.29
Morocco,MAR,2011,2.83
Morocco,MAR,2012,2.55
Morocco,MAR,2013,4.35
Morocco,MAR,2014,3.96
Morocco,MAR,2015,4.81
Morocco,MAR,2016,5.09
Morocco,MAR,2017,5.06
Morocco,MAR,2018,6.85
Morocco,MAR,2019,7.99
Morocco,MAR,2020,7.44
Morocco,MAR,2021,8.18
Morocco,MAR,2022,7.53
Morocco,MAR,2023,9.22
Morocco,MAR,2024,10.35
Morocco,MAR,2025,10.66
Mozambique,MOZ,2000,9.56
Mozambique,MOZ,2001,11.72
Mozambique,MOZ,2002,12.55
Mozambique,MOZ,2003,10.76
Mozambique,MOZ,2004,11.55
Mozambique,MOZ,2005,13.13
Mozambique,MOZ,2006,14.57
Mozambique,MOZ,2007,15.9
Mozambique,MOZ,2008,14.96
Mozambique,MOZ,2009,16.78
Mozambique,MOZ,2010,16.65
Mozambique,MOZ,2011,16.48
Mozambique,MOZ,2012,14.86
Mozambique,MOZ,2013,14.66
Mozambique,MOZ,2014,16.18
Mozambique,MOZ,2015,17.09
Mozambique,MOZ,2016,15.6
Mozambique,MOZ,2017,14.2
Mozambique,MOZ,2018,14.02
Mozambique,MOZ,2019,15.07
Mozambique,MOZ,2020,15.88
Mozambique,MOZ,2021,15.65
Mozambique,MOZ,2022,16.37
Mozambique,MOZ,2023,16.68
Mozambique,MOZ,2024,16.51
Myanmar,MMR,2000,1.87
Myanmar,MMR,2001,1.8
Myanmar,MMR,2002,2.11
Myanmar,MMR,2003,2.08
Myanmar,MMR,2004,2.41
Myanmar,MMR,2005,3
Myanmar,MMR,2006,3.33
Myanmar,MMR,2007,3.62
Myanmar,MMR,2008,4.07
Myanmar,MMR,2009,5.26
Myanmar,MMR,2010,6.19
Myanmar,MMR,2011,7.52
Myanmar,MMR,2012,7.96
Myanmar,MMR,2013,9.04
Myanmar,MMR,2014,9.06
Myanmar,MMR,2015,9.64
Myanmar,MMR,2016,10
Myanmar,MMR,2017,11.22
Myanmar,MMR,2018,12.59
Myanmar,MMR,2019,10.87
Myanmar,MMR,2020,9.14
Myanmar,MMR,2021,9.86
Myanmar,MMR,2022,9.5
Myanmar,MMR,2023,9.81
Myanmar,MMR,2024,10.39
Namibia,NAM,2000,1.4
Namibia,NAM,2001,1.21
Namibia,NAM,2002,1.42
Namibia,NAM,2003,1.42
Namibia,NAM,2004,1.37
Namibia,NAM,2005,1.66
Namibia,NAM,2006,1.51
Namibia,NAM,2007,1.54
Namibia,NAM,2008,1.39
Namibia,NAM,2009,1.42
Namibia,NAM,2010,1.26
Namibia,NAM,2011,1.41
Namibia,NAM,2012,1.62
Namibia,NAM,2013,1.29
Namibia,NAM,2014,1.52
Namibia,NAM,2015,1.54
Namibia,NAM,2016,1.42
Namibia,NAM,2017,1.7
Namibia,NAM,2018,1.39
Namibia,NAM,2019,1.33
Namibia,NAM,2020,1.93
Namibia,NAM,2021,1.47
Namibia,NAM,2022,1.3
Namibia,NAM,2023,1.85
Namibia,NAM,2024,1.6
Nauru,NRU,2000,0
Nauru,NRU,2001,0
Nauru,NRU,2002,0
Nauru,NRU,2003,0
Nauru,NRU,2004,0
Nauru,NRU,2005,0
Nauru,NRU,2006,0
Nauru,NRU,2007,0
Nauru,NRU,2008,0
Nauru,NRU,2009,0
Nauru,NRU,2010,0
Nauru,NRU,2011,0
Nauru,NRU,2012,0
Nauru,NRU,2013,0
Nauru,NRU,2014,0
Nauru,NRU,2015,0
Nauru,NRU,2016,0
Nauru,NRU,2017,0
Nauru,NRU,2018,0
Nauru,NRU,2019,0
Nauru,NRU,2020,0
Nauru,NRU,2021,0
Nauru,NRU,2022,0
Nauru,NRU,2023,0
Nauru,NRU,2024,0.01
Nepal,NPL,2000,1.62
Nepal,NPL,2001,1.83
Nepal,NPL,2002,2.1
Nepal,NPL,2003,2.26
Nepal,NPL,2004,2.38
Nepal,NPL,2005,2.49
Nepal,NPL,2006,2.71
Nepal,NPL,2007,2.76
Nepal,NPL,2008,2.78
Nepal,NPL,2009,3.07
Nepal,NPL,2010,3.18
Nepal,NPL,2011,3.46
Nepal,NPL,2012,3.51
Nepal,NPL,2013,3.49
Nepal,NPL,2014,3.8
Nepal,NPL,2015,3.46
Nepal,NPL,2016,4.18
Nepal,NPL,2017,4.58
Nepal,NPL,2018,4.84
Nepal,NPL,2019,6.15
Nepal,NPL,2020,6.18
Nepal,NPL,2021,9.63
Nepal,NPL,2022,10.7
Nepal,NPL,2023,10.7
Nepal,NPL,2024,11.13
Netherlands,NLD,1965,0
Netherlands,NLD,1966,0
Netherlands,NLD,1967,0
Netherlands,NLD,1968,0
Netherlands,NLD,1969,0
Netherlands,NLD,1970,0
Netherlands,NLD,1971,0
Netherlands,NLD,1972,0
Netherlands,NLD,1973,0
Netherlands,NLD,1974,0
Netherlands,NLD,1975,0.803
Netherlands,NLD,1976,0.872
Netherlands,NLD,1977,0.867
Netherlands,NLD,1978,1.211
Netherlands,NLD,1979,1.106
Netherlands,NLD,1980,1.024
Netherlands,NLD,1981,1.085
Netherlands,NLD,1982,0.265
Netherlands,NLD,1983,0.231
Netherlands,NLD,1984,0.017
Netherlands,NLD,1985,0.444
Netherlands,NLD,1986,0.557
Netherlands,NLD,1987,0.70500004
Netherlands,NLD,1988,0.853
Netherlands,NLD,1989,0.96
Netherlands,NLD,1990,0.82
Netherlands,NLD,1991,0.93
Netherlands,NLD,1992,1
Netherlands,NLD,1993,1.1
Netherlands,NLD,1994,1.26
Netherlands,NLD,1995,1.41
Netherlands,NLD,1996,1.82
Netherlands,NLD,1997,2.01
Netherlands,NLD,1998,2.32
Netherlands,NLD,1999,2.51
Netherlands,NLD,2000,2.97
Netherlands,NLD,2001,3.31
Netherlands,NLD,2002,3.98
Netherlands,NLD,2003,3.96
Netherlands,NLD,2004,5.3
Netherlands,NLD,2005,7.46
Netherlands,NLD,2006,8.06
Netherlands,NLD,2007,7.59
Netherlands,NLD,2008,9.53
Netherlands,NLD,2009,10.83
Netherlands,NLD,2010,11.19
Netherlands,NLD,2011,12.32
Netherlands,NLD,2012,12.47
Netherlands,NLD,2013,12.1
Netherlands,NLD,2014,11.65
Netherlands,NLD,2015,13.69
Netherlands,NLD,2016,14.78
Netherlands,NLD,2017,17.43
Netherlands,NLD,2018,18.88
Netherlands,NLD,2019,22.8
Netherlands,NLD,2020,32.73
Netherlands,NLD,2021,40.44
Netherlands,NLD,2022,48.1
Netherlands,NLD,2023,56.84
Netherlands,NLD,2024,62.07
Netherlands,NLD,2025,69.1
New Caledonia,NCL,2000,0.45
New Caledonia,NCL,2001,0.37
New Caledonia,NCL,2002,0.33
New Caledonia,NCL,2003,0.32
New Caledonia,NCL,2004,0.33
New Caledonia,NCL,2005,0.36
New Caledonia,NCL,2006,0.31
New Caledonia,NCL,2007,0.43
New Caledonia,NCL,2008,0.48
New Caledonia,NCL,2009,0.43
New Caledonia,NCL,2010,0.31
New Caledonia,NCL,2011,0.42
New Caledonia,NCL,2012,0.46
New Caledonia,NCL,2013,0.51
New Caledonia,NCL,2014,0.35
New Caledonia,NCL,2015,0.41
New Caledonia,NCL,2016,0.29
New Caledonia,NCL,2017,0.44
New Caledonia,NCL,2018,0.42
New Caledonia,NCL,2019,0.46
New Caledonia,NCL,2020,0.51
New Caledonia,NCL,2021,0.65
New Caledonia,NCL,2022,0.81
New Caledonia,NCL,2023,0.81
New Caledonia,NCL,2024,0.84
New Zealand,NZL,1974,17.267946
New Zealand,NZL,1975,18.7698
New Zealand,NZL,1976,17.553837
New Zealand,NZL,1977,16.698208
New Zealand,NZL,1978,17.660759
New Zealand,NZL,1979,20.321018
New Zealand,NZL,1980,21.336126
New Zealand,NZL,1981,21.618382
New Zealand,NZL,1982,20.272362
New Zealand,NZL,1983,21.737898
New Zealand,NZL,1984,22.5152
New Zealand,NZL,1985,21.718067
New Zealand,NZL,1986,24.18073
New Zealand,NZL,1987,24.006456
New Zealand,NZL,1988,25.049938
New Zealand,NZL,1989,25.136993
New Zealand,NZL,1990,26.138245
New Zealand,NZL,1991,26.016294
New Zealand,NZL,1992,24.16268
New Zealand,NZL,1993,26.71197
New Zealand,NZL,1994,28.912733
New Zealand,NZL,1995,30.56033
New Zealand,NZL,1996,29.142708
New Zealand,NZL,1997,26.318188
New Zealand,NZL,1998,28.649315
New Zealand,NZL,1999,26.514744
New Zealand,NZL,2000,27.92
New Zealand,NZL,2001,25
New Zealand,NZL,2002,28
New Zealand,NZL,2003,26.68
New Zealand,NZL,2004,30.6
New Zealand,NZL,2005,27.36
New Zealand,NZL,2006,27.88
New Zealand,NZL,2007,28.41
New Zealand,NZL,2008,27.87
New Zealand,NZL,2009,30.79
New Zealand,NZL,2010,32.4
New Zealand,NZL,2011,33.33
New Zealand,NZL,2012,31.38
New Zealand,NZL,2013,31.68
New Zealand,NZL,2014,33.95
New Zealand,NZL,2015,34.89
New Zealand,NZL,2016,36.39
New Zealand,NZL,2017,35.46
New Zealand,NZL,2018,36.47
New Zealand,NZL,2019,36.06
New Zealand,NZL,2020,35.08
New Zealand,NZL,2021,35.59
New Zealand,NZL,2022,37.6
New Zealand,NZL,2023,38.44
New Zealand,NZL,2024,37.84
New Zealand,NZL,2025,38.37
Nicaragua,NIC,2000,0.49
Nicaragua,NIC,2001,0.49
Nicaragua,NIC,2002,0.64
Nicaragua,NIC,2003,0.74
Nicaragua,NIC,2004,0.79
Nicaragua,NIC,2005,1.02
Nicaragua,NIC,2006,0.94
Nicaragua,NIC,2007,0.92
Nicaragua,NIC,2008,1.19
Nicaragua,NIC,2009,1.06
Nicaragua,NIC,2010,1.34
Nicaragua,NIC,2011,1.29
Nicaragua,NIC,2012,1.72
Nicaragua,NIC,2013,2.18
Nicaragua,NIC,2014,2.4
Nicaragua,NIC,2015,2.3
Nicaragua,NIC,2016,2.4
Nicaragua,NIC,2017,2.53
Nicaragua,NIC,2018,2.73
Nicaragua,NIC,2019,2.61
Nicaragua,NIC,2020,2.65
Nicaragua,NIC,2021,2.91
Nicaragua,NIC,2022,2.77
Nicaragua,NIC,2023,2.82
Nicaragua,NIC,2024,2.82
Niger,NER,2000,0
Niger,NER,2001,0
Niger,NER,2002,0
Niger,NER,2003,0
Niger,NER,2004,0
Niger,NER,2005,0
Niger,NER,2006,0
Niger,NER,2007,0
Niger,NER,2008,0
Niger,NER,2009,0
Niger,NER,2010,0
Niger,NER,2011,0
Niger,NER,2012,0
Niger,NER,2013,0
Niger,NER,2014,0.01
Niger,NER,2015,0.01
Niger,NER,2016,0.01
Niger,NER,2017,0.01
Niger,NER,2018,0.01
Niger,NER,2019,0.02
Niger,NER,2020,0.02
Niger,NER,2021,0.02
Niger,NER,2022,0.02
Niger,NER,2023,0.02
Niger,NER,2024,0.03
Nigeria,NGA,2000,5.64
Nigeria,NGA,2001,5.92
Nigeria,NGA,2002,8.24
Nigeria,NGA,2003,7.46
Nigeria,NGA,2004,8.12
Nigeria,NGA,2005,7.78
Nigeria,NGA,2006,6.27
Nigeria,NGA,2007,6.24
Nigeria,NGA,2008,5.73
Nigeria,NGA,2009,4.54
Nigeria,NGA,2010,6.38
Nigeria,NGA,2011,5.89
Nigeria,NGA,2012,5.69
Nigeria,NGA,2013,5.37
Nigeria,NGA,2014,5.39
Nigeria,NGA,2015,6.47
Nigeria,NGA,2016,8.21
Nigeria,NGA,2017,7.8
Nigeria,NGA,2018,7.77
Nigeria,NGA,2019,8.51
Nigeria,NGA,2020,7.81
Nigeria,NGA,2021,8.1
Nigeria,NGA,2022,9.39
Nigeria,NGA,2023,9.28
Nigeria,NGA,2024,9.39
Nigeria,NGA,2025,13.01
Niue,NIU,2000,0
Niue,NIU,2001,0
Niue,NIU,2002,0
Niue,NIU,2003,0
Niue,NIU,2004,0
Niue,NIU,2005,0
Niue,NIU,2006,0
Niue,NIU,2007,0
Niue,NIU,2008,0
Niue,NIU,2009,0
Niue,NIU,2010,0
Niue,NIU,2011,0
Niue,NIU,2012,0
Niue,NIU,2013,0
Niue,NIU,2014,0
Niue,NIU,2015,0
Niue,NIU,2016,0
Niue,NIU,2017,0
Niue,NIU,2018,0
Niue,NIU,2019,0
Niue,NIU,2020,0
Niue,NIU,2021,0
Niue,NIU,2022,0
Niue,NIU,2023,0
North America,OWID_NAM,2000,777.76
North America,OWID_NAM,2001,676.17
North America,OWID_NAM,2002,748.08
North America,OWID_NAM,2003,744.11
North America,OWID_NAM,2004,750.61
North America,OWID_NAM,2005,786.74
North America,OWID_NAM,2006,809.63
North America,OWID_NAM,2007,790.2
North America,OWID_NAM,2008,842.36
North America,OWID_NAM,2009,863.04
North America,OWID_NAM,2010,872.96
North America,OWID_NAM,2011,983.52
North America,OWID_NAM,2012,973.65
North America,OWID_NAM,2013,1012.06
North America,OWID_NAM,2014,1043.7
North America,OWID_NAM,2015,1065.45
North America,OWID_NAM,2016,1145.8099
North America,OWID_NAM,2017,1244.56
North America,OWID_NAM,2018,1269.93
North America,OWID_NAM,2019,1292.2
North America,OWID_NAM,2020,1378.0801
North America,OWID_NAM,2021,1436.78
North America,OWID_NAM,2022,1551.4501
North America,OWID_NAM,2023,1509.12
North America,OWID_NAM,2024,1596.12
North America (EI),,1971,465.8714
North America (EI),,1972,494.55896
North America (EI),,1973,509.3884
North America (EI),,1974,555.5269
North America (EI),,1975,544.1391
North America (EI),,1976,543.61725
North America (EI),,1977,490.39438
North America (EI),,1978,564.2083
North America (EI),,1979,576.1844
North America (EI),,1980,578.9312
North America (EI),,1981,587.3824
North America (EI),,1982,626.0883
North America (EI),,1983,658.6109
North America (EI),,1984,676.6814
North America (EI),,1985,658.9831
North America (EI),,1986,672.8876
North America (EI),,1987,640.31195
North America (EI),,1988,607.1789
North America (EI),,1989,649.92194
North America (EI),,1990,682.174
North America (EI),,1991,691.0595
North America (EI),,1992,672.4505
North America (EI),,1993,709.93866
North America (EI),,1994,689.8294
North America (EI),,1995,753.48114
North America (EI),,1996,815.90485
North America (EI),,1997,814.8273
North America (EI),,1998,761.9701
North America (EI),,1999,781.0501
North America (EI),,2000,750.9295
North America (EI),,2001,660.70074
North America (EI),,2002,731.72754
North America (EI),,2003,726.31256
North America (EI),,2004,731.11414
North America (EI),,2005,766.33575
North America (EI),,2006,788.61664
North America (EI),,2007,768.2993
North America (EI),,2008,818.845
North America (EI),,2009,840.6739
North America (EI),,2010,850.65674
North America (EI),,2011,962.7961
North America (EI),,2012,950.4944
North America (EI),,2013,990.0346
North America (EI),,2014,1014.8156
North America (EI),,2015,1033.852
North America (EI),,2016,1112.9751
North America (EI),,2017,1206.8142
North America (EI),,2018,1230.1982
North America (EI),,2019,1255.6766
North America (EI),,2020,1337.1265
North America (EI),,2021,1388.9346
North America (EI),,2022,1504.6472
North America (EI),,2023,1464.8293
North America (EI),,2024,1556.9384
North America (EI),,2025,1675.2577
North America (Ember),,2000,717.06
North America (Ember),,2001,621.76
North America (Ember),,2002,696.27
North America (Ember),,2003,695.63
North America (Ember),,2004,694.48
North America (Ember),,2005,725.95
North America (Ember),,2006,745.68
North America (Ember),,2007,727.76
North America (Ember),,2008,766.61
North America (Ember),,2009,800.2
North America (Ember),,2010,795.44
North America (Ember),,2011,906.77
North America (Ember),,2012,896.03
North America (Ember),,2013,936.23
North America (Ember),,2014,954.46
North America (Ember),,2015,978.95
North America (Ember),,2016,1056.04
North America (Ember),,2017,1148.13
North America (Ember),,2018,1166.98
North America (Ember),,2019,1189.88
North America (Ember),,2020,1258.62
North America (Ember),,2021,1297.4
North America (Ember),,2022,1411.08
North America (Ember),,2023,1384.69
North America (Ember),,2024,1466.41
North America (Ember),,2025,1576.21
North Korea,PRK,2000,10.1
North Korea,PRK,2001,10.49
North Korea,PRK,2002,10.51
North Korea,PRK,2003,11.6
North Korea,PRK,2004,12.38
North Korea,PRK,2005,13
North Korea,PRK,2006,12.49
North Korea,PRK,2007,13.15
North Korea,PRK,2008,13.93
North Korea,PRK,2009,12.38
North Korea,PRK,2010,13.27
North Korea,PRK,2011,13.07
North Korea,PRK,2012,13.36
North Korea,PRK,2013,13.77
North Korea,PRK,2014,12.88
North Korea,PRK,2015,9.93
North Korea,PRK,2016,12.71
North Korea,PRK,2017,11.83
North Korea,PRK,2018,12.73
North Korea,PRK,2019,11.08
North Korea,PRK,2020,12.9
North Korea,PRK,2021,16.23
North Korea,PRK,2022,16.75
North Korea,PRK,2023,16.75
North Korea,PRK,2024,17.17
North Macedonia,MKD,1990,0.49
North Macedonia,MKD,1991,0.85
North Macedonia,MKD,1992,0.85
North Macedonia,MKD,1993,0.52
North Macedonia,MKD,1994,0.69
North Macedonia,MKD,1995,0.8
North Macedonia,MKD,1996,0.85
North Macedonia,MKD,1997,0.9
North Macedonia,MKD,1998,1.08
North Macedonia,MKD,1999,1.39
North Macedonia,MKD,2000,1.17
North Macedonia,MKD,2001,0.63
North Macedonia,MKD,2002,0.76
North Macedonia,MKD,2003,1.37
North Macedonia,MKD,2004,1.48
North Macedonia,MKD,2005,1.49
North Macedonia,MKD,2006,1.65
North Macedonia,MKD,2007,1.01
North Macedonia,MKD,2008,0.84
North Macedonia,MKD,2009,1.27
North Macedonia,MKD,2010,2.43
North Macedonia,MKD,2011,1.43
North Macedonia,MKD,2012,1.04
North Macedonia,MKD,2013,1.59
North Macedonia,MKD,2014,1.29
North Macedonia,MKD,2015,2.03
North Macedonia,MKD,2016,2.07
North Macedonia,MKD,2017,1.29
North Macedonia,MKD,2018,1.96
North Macedonia,MKD,2019,1.34
North Macedonia,MKD,2020,1.48
North Macedonia,MKD,2021,1.65
North Macedonia,MKD,2022,1.61
North Macedonia,MKD,2023,2.21
North Macedonia,MKD,2024,2.49
North Macedonia,MKD,2025,3.22
Norway,NOR,1965,49.452
Norway,NOR,1966,48.744
Norway,NOR,1967,53.301
Norway,NOR,1968,60.205
Norway,NOR,1969,57.371
Norway,NOR,1970,57.808
Norway,NOR,1971,63.245
Norway,NOR,1972,67.417
Norway,NOR,1973,72.867
Norway,NOR,1974,76.597
Norway,NOR,1975,77.33
Norway,NOR,1976,81.933
Norway,NOR,1977,72.022
Norway,NOR,1978,80.706
Norway,NOR,1979,88.698
Norway,NOR,1980,83.613
Norway,NOR,1981,92.834
Norway,NOR,1982,92.499
Norway,NOR,1983,105.688
Norway,NOR,1984,105.903
Norway,NOR,1985,102.388
Norway,NOR,1986,96.227
Norway,NOR,1987,103.29401
Norway,NOR,1988,108.884
Norway,NOR,1989,118.429
Norway,NOR,1990,121.35
Norway,NOR,1991,110.34
Norway,NOR,1992,116.9
Norway,NOR,1993,119.48
Norway,NOR,1994,111.92
Norway,NOR,1995,121.83
Norway,NOR,1996,104.17
Norway,NOR,1997,110.03
Norway,NOR,1998,115.98
Norway,NOR,1999,121.75
Norway,NOR,2000,142.11
Norway,NOR,2001,120.74
Norway,NOR,2002,129.7
Norway,NOR,2003,106.03
Norway,NOR,2004,109.39
Norway,NOR,2005,136.52
Norway,NOR,2006,120.4
Norway,NOR,2007,134.94
Norway,NOR,2008,140.35
Norway,NOR,2009,126.48
Norway,NOR,2010,117.96
Norway,NOR,2011,121.91
Norway,NOR,2012,143.59
Norway,NOR,2013,130.42
Norway,NOR,2014,137.94
Norway,NOR,2015,140.07
Norway,NOR,2016,145.15
Norway,NOR,2017,145.48
Norway,NOR,2018,143.05
Norway,NOR,2019,131.07
Norway,NOR,2020,152.03
Norway,NOR,2021,156.06
Norway,NOR,2022,143.45
Norway,NOR,2023,151.28
Norway,NOR,2024,154.92
Norway,NOR,2025,159.2
OECD (EI),,1965,736.2283
OECD (EI),,1966,779.2074
OECD (EI),,1967,799.59357
OECD (EI),,1968,823.45996
OECD (EI),,1969,862.27844
OECD (EI),,1970,888.2869
OECD (EI),,1971,924.99
OECD (EI),,1972,966.0894
OECD (EI),,1973,970.3502
OECD (EI),,1974,1063.0841
OECD (EI),,1975,1064.5417
OECD (EI),,1976,1031.7427
OECD (EI),,1977,1040.5497
OECD (EI),,1978,1114.346
OECD (EI),,1979,1162.7937
OECD (EI),,1980,1157.7283
OECD (EI),,1981,1175.9443
OECD (EI),,1982,1214.1772
OECD (EI),,1983,1270.3936
OECD (EI),,1984,1281.4114
OECD (EI),,1985,1281.966
OECD (EI),,1986,1282.8053
OECD (EI),,1987,1291.0931
OECD (EI),,1988,1308.7458
OECD (EI),,1989,1288.7823
OECD (EI),,1990,1338.6256
OECD (EI),,1991,1358.5459
OECD (EI),,1992,1353.8208
OECD (EI),,1993,1435.958
OECD (EI),,1994,1397.68
OECD (EI),,1995,1487.7921
OECD (EI),,1996,1527.9691
OECD (EI),,1997,1563.3008
OECD (EI),,1998,1537.8615
OECD (EI),,1999,1559.674
OECD (EI),,2000,1577.5013
OECD (EI),,2001,1486.8672
OECD (EI),,2002,1537.2097
OECD (EI),,2003,1532.3312
OECD (EI),,2004,1597.2858
OECD (EI),,2005,1643.4406
OECD (EI),,2006,1701.9229
OECD (EI),,2007,1716.0016
OECD (EI),,2008,1823.861
OECD (EI),,2009,1863.2544
OECD (EI),,2010,1980.0251
OECD (EI),,2011,2118.9556
OECD (EI),,2012,2229.7234
OECD (EI),,2013,2353.5957
OECD (EI),,2014,2422.0884
OECD (EI),,2015,2545.964
OECD (EI),,2016,2658.42
OECD (EI),,2017,2801.4956
OECD (EI),,2018,2939.3557
OECD (EI),,2019,3047.7698
OECD (EI),,2020,3272.8801
OECD (EI),,2021,3373.5532
OECD (EI),,2022,3545.399
OECD (EI),,2023,3685.1584
OECD (EI),,2024,3952.9292
OECD (EI),,2025,4128.2983
OECD (Ember),,2000,1578.05
OECD (Ember),,2001,1478.39
OECD (Ember),,2002,1525.71
OECD (Ember),,2003,1523.79
OECD (Ember),,2004,1591.81
OECD (Ember),,2005,1638.49
OECD (Ember),,2006,1695.2
OECD (Ember),,2007,1708.8
OECD (Ember),,2008,1814.61
OECD (Ember),,2009,1855.13
OECD (Ember),,2010,1967.22
OECD (Ember),,2011,2109.14
OECD (Ember),,2012,2215.03
OECD (Ember),,2013,2342.11
OECD (Ember),,2014,2415.9
OECD (Ember),,2015,2540.04
OECD (Ember),,2016,2651.57
OECD (Ember),,2017,2792.7
OECD (Ember),,2018,2925.14
OECD (Ember),,2019,3037.62
OECD (Ember),,2020,3260.57
OECD (Ember),,2021,3357.73
OECD (Ember),,2022,3524.67
OECD (Ember),,2023,3665.5
OECD (Ember),,2024,3919.16
OECD (Ember),,2025,4083.31
Oceania,OWID_OCE,1974,31.570866
Oceania,OWID_OCE,1975,34.1466
Oceania,OWID_OCE,1976,32.191696
Oceania,OWID_OCE,1977,30.671158
Oceania,OWID_OCE,1978,32.741108
Oceania,OWID_OCE,1979,34.985077
Oceania,OWID_OCE,1980,35.187725
Oceania,OWID_OCE,1981,35.888725
Oceania,OWID_OCE,1982,33.558697
Oceania,OWID_OCE,1983,34.292545
Oceania,OWID_OCE,1984,36.082146
Oceania,OWID_OCE,1985,36.11458
Oceania,OWID_OCE,1986,38.66653
Oceania,OWID_OCE,1987,38.090252
Oceania,OWID_OCE,1988,40.115383
Oceania,OWID_OCE,1989,40.20066
Oceania,OWID_OCE,1990,41.657246
Oceania,OWID_OCE,1991,42.394745
Oceania,OWID_OCE,1992,40.786278
Oceania,OWID_OCE,1993,43.78557
Oceania,OWID_OCE,1994,45.78213
Oceania,OWID_OCE,1995,47.04498
Oceania,OWID_OCE,1996,46.090305
Oceania,OWID_OCE,1997,43.30584
Oceania,OWID_OCE,1998,45.581913
Oceania,OWID_OCE,1999,44.013344
Oceania,OWID_OCE,2000,47.530003
Oceania,OWID_OCE,2001,44.29
Oceania,OWID_OCE,2002,47.97
Oceania,OWID_OCE,2003,47.3
Oceania,OWID_OCE,2004,51.98
Oceania,OWID_OCE,2005,50.32
Oceania,OWID_OCE,2006,51.199997
Oceania,OWID_OCE,2007,51.260002
Oceania,OWID_OCE,2008,49.550003
Oceania,OWID_OCE,2009,53.41
Oceania,OWID_OCE,2010,56.9
Oceania,OWID_OCE,2011,66.490005
Oceania,OWID_OCE,2012,64.3
Oceania,OWID_OCE,2013,69.9
Oceania,OWID_OCE,2014,69.17
Oceania,OWID_OCE,2015,73.25
Oceania,OWID_OCE,2016,80.700005
Oceania,OWID_OCE,2017,77.159996
Oceania,OWID_OCE,2018,88.41
Oceania,OWID_OCE,2019,93.98
Oceania,OWID_OCE,2020,102.08
Oceania,OWID_OCE,2021,115.7
Oceania,OWID_OCE,2022,128
Oceania,OWID_OCE,2023,136.68
Oceania,OWID_OCE,2024,139.87
Oceania (Ember),,2000,47.53
Oceania (Ember),,2001,44.29
Oceania (Ember),,2002,47.97
Oceania (Ember),,2003,47.3
Oceania (Ember),,2004,51.98
Oceania (Ember),,2005,50.32
Oceania (Ember),,2006,51.2
Oceania (Ember),,2007,51.26
Oceania (Ember),,2008,49.55
Oceania (Ember),,2009,53.41
Oceania (Ember),,2010,56.9
Oceania (Ember),,2011,66.49
Oceania (Ember),,2012,64.3
Oceania (Ember),,2013,69.9
Oceania (Ember),,2014,69.17
Oceania (Ember),,2015,73.25
Oceania (Ember),,2016,80.7
Oceania (Ember),,2017,77.16
Oceania (Ember),,2018,88.41
Oceania (Ember),,2019,93.98
Oceania (Ember),,2020,102.08
Oceania (Ember),,2021,115.7
Oceania (Ember),,2022,128
Oceania (Ember),,2023,136.68
Oceania (Ember),,2024,139.9
Oceania (Ember),,2025,152.34
Oman,OMN,1980,0
Oman,OMN,1981,0
Oman,OMN,1982,0
Oman,OMN,1983,0
Oman,OMN,1984,0
Oman,OMN,1985,0
Oman,OMN,1986,0
Oman,OMN,1987,0
Oman,OMN,1988,0
Oman,OMN,1989,0
Oman,OMN,1990,0
Oman,OMN,1991,0
Oman,OMN,1992,0
Oman,OMN,1993,0
Oman,OMN,1994,0
Oman,OMN,1995,0
Oman,OMN,1996,0
Oman,OMN,1997,0
Oman,OMN,1998,0
Oman,OMN,1999,0
Oman,OMN,2000,0
Oman,OMN,2001,0
Oman,OMN,2002,0
Oman,OMN,2003,0
Oman,OMN,2004,0
Oman,OMN,2005,0
Oman,OMN,2006,0
Oman,OMN,2007,0
Oman,OMN,2008,0
Oman,OMN,2009,0
Oman,OMN,2010,0
Oman,OMN,2011,0
Oman,OMN,2012,0
Oman,OMN,2013,0
Oman,OMN,2014,0
Oman,OMN,2015,0
Oman,OMN,2016,0
Oman,OMN,2017,0.02
Oman,OMN,2018,0.05
Oman,OMN,2019,0.06
Oman,OMN,2020,0.1
Oman,OMN,2021,0.7
Oman,OMN,2022,1.9
Oman,OMN,2023,2.2
Oman,OMN,2024,2.4
Oman,OMN,2025,2.4
Pakistan,PAK,1971,3.8139422
Pakistan,PAK,1972,4.012815
Pakistan,PAK,1973,4.233785
Pakistan,PAK,1974,4.2558823
Pakistan,PAK,1975,4.896695
Pakistan,PAK,1976,5.3165383
Pakistan,PAK,1977,6.3153224
Pakistan,PAK,1978,7.8400154
Pakistan,PAK,1979,8.476409
Pakistan,PAK,1980,8.887413
Pakistan,PAK,1981,9.28074
Pakistan,PAK,1982,10.443042
Pakistan,PAK,1983,12.095898
Pakistan,PAK,1984,12.537838
Pakistan,PAK,1985,13.023972
Pakistan,PAK,1986,12.453869
Pakistan,PAK,1987,16.373877
Pakistan,PAK,1988,17.16495
Pakistan,PAK,1989,17.443373
Pakistan,PAK,1990,17.0854
Pakistan,PAK,1991,18.283058
Pakistan,PAK,1992,19.944752
Pakistan,PAK,1993,21.933483
Pakistan,PAK,1994,21.526897
Pakistan,PAK,1995,22.746653
Pakistan,PAK,1996,24.797253
Pakistan,PAK,1997,18.446575
Pakistan,PAK,1998,24.107826
Pakistan,PAK,1999,21.5048
Pakistan,PAK,2000,17.19
Pakistan,PAK,2001,18.94
Pakistan,PAK,2002,22.35
Pakistan,PAK,2003,28.14
Pakistan,PAK,2004,26.87
Pakistan,PAK,2005,31.86
Pakistan,PAK,2006,33.01
Pakistan,PAK,2007,29.96
Pakistan,PAK,2008,29.06
Pakistan,PAK,2009,29.1
Pakistan,PAK,2010,32.82
Pakistan,PAK,2011,29.68
Pakistan,PAK,2012,31.11
Pakistan,PAK,2013,33.76
Pakistan,PAK,2014,35.43
Pakistan,PAK,2015,37.95
Pakistan,PAK,2016,35.85
Pakistan,PAK,2017,32.64
Pakistan,PAK,2018,33.13
Pakistan,PAK,2019,40.78
Pakistan,PAK,2020,42.3
Pakistan,PAK,2021,45.77
Pakistan,PAK,2022,50.55
Pakistan,PAK,2023,57.07
Pakistan,PAK,2024,65.08
Pakistan,PAK,2025,83.37
Palestine,PSE,2000,0
Palestine,PSE,2001,0
Palestine,PSE,2002,0
Palestine,PSE,2003,0
Palestine,PSE,2004,0
Palestine,PSE,2005,0
Palestine,PSE,2006,0
Palestine,PSE,2007,0
Palestine,PSE,2008,0
Palestine,PSE,2009,0
Palestine,PSE,2010,0
Palestine,PSE,2011,0
Palestine,PSE,2012,0
Palestine,PSE,2013,0
Palestine,PSE,2014,0
Palestine,PSE,2015,0.01
Palestine,PSE,2016,0.04
Palestine,PSE,2017,0.05
Palestine,PSE,2018,0.06
Palestine,PSE,2019,0.12
Palestine,PSE,2020,0.18
Palestine,PSE,2021,0.22
Palestine,PSE,2022,0.34
Palestine,PSE,2023,0.34
Palestine,PSE,2024,0.39
Panama,PAN,2000,3.44
Panama,PAN,2001,2.52
Panama,PAN,2002,3.42
Panama,PAN,2003,2.84
Panama,PAN,2004,3.8
Panama,PAN,2005,3.74
Panama,PAN,2006,3.6
Panama,PAN,2007,3.73
Panama,PAN,2008,3.99
Panama,PAN,2009,3.92
Panama,PAN,2010,4.21
Panama,PAN,2011,4.12
Panama,PAN,2012,5.42
Panama,PAN,2013,5.18
Panama,PAN,2014,5.19
Panama,PAN,2015,6.73
Panama,PAN,2016,7.25
Panama,PAN,2017,7.93
Panama,PAN,2018,8.71
Panama,PAN,2019,6.14
Panama,PAN,2020,8.28
Panama,PAN,2021,9.49
Panama,PAN,2022,9.46
Panama,PAN,2023,7.95
Panama,PAN,2024,9.13
Papua New Guinea,PNG,2000,0.92
Papua New Guinea,PNG,2001,0.92
Papua New Guinea,PNG,2002,0.92
Papua New Guinea,PNG,2003,0.97
Papua New Guinea,PNG,2004,0.94
Papua New Guinea,PNG,2005,1.18
Papua New Guinea,PNG,2006,1.15
Papua New Guinea,PNG,2007,1.25
Papua New Guinea,PNG,2008,1.25
Papua New Guinea,PNG,2009,1.25
Papua New Guinea,PNG,2010,1.25
Papua New Guinea,PNG,2011,1.36
Papua New Guinea,PNG,2012,1.37
Papua New Guinea,PNG,2013,1.41
Papua New Guinea,PNG,2014,1.43
Papua New Guinea,PNG,2015,1.42
Papua New Guinea,PNG,2016,1.42
Papua New Guinea,PNG,2017,1.21
Papua New Guinea,PNG,2018,1
Papua New Guinea,PNG,2019,1.13
Papua New Guinea,PNG,2020,1.12
Papua New Guinea,PNG,2021,1.12
Papua New Guinea,PNG,2022,0.97
Papua New Guinea,PNG,2023,1.12
Papua New Guinea,PNG,2024,1.12
Paraguay,PRY,2000,53.49
Paraguay,PRY,2001,45.32
Paraguay,PRY,2002,48.21
Paraguay,PRY,2003,51.77
Paraguay,PRY,2004,51.93
Paraguay,PRY,2005,51.17
Paraguay,PRY,2006,53.77
Paraguay,PRY,2007,53.71
Paraguay,PRY,2008,55.46
Paraguay,PRY,2009,54.94
Paraguay,PRY,2010,54.06
Paraguay,PRY,2011,57.62
Paraguay,PRY,2012,60.23
Paraguay,PRY,2013,60.51
Paraguay,PRY,2014,55.42
Paraguay,PRY,2015,55.89
Paraguay,PRY,2016,63.94
Paraguay,PRY,2017,59.82
Paraguay,PRY,2018,59.34
Paraguay,PRY,2019,49.59
Paraguay,PRY,2020,46.63
Paraguay,PRY,2021,40.84
Paraguay,PRY,2022,44.11
Paraguay,PRY,2023,53.04
Paraguay,PRY,2024,42.41
Paraguay,PRY,2025,45.35
Peru,PER,1971,4.5129995
Peru,PER,1972,4.6619997
Peru,PER,1973,4.999
Peru,PER,1974,5.482
Peru,PER,1975,5.733
Peru,PER,1976,6.038
Peru,PER,1977,6.267
Peru,PER,1978,6.407
Peru,PER,1979,6.866
Peru,PER,1980,7.0950003
Peru,PER,1981,8.072
Peru,PER,1982,8.547
Peru,PER,1983,8.252001
Peru,PER,1984,8.845
Peru,PER,1985,9.551
Peru,PER,1986,10.214001
Peru,PER,1987,11.014
Peru,PER,1988,10.559
Peru,PER,1989,10.652
Peru,PER,1990,10.605
Peru,PER,1991,11.625
Peru,PER,1992,9.8220005
Peru,PER,1993,11.908
Peru,PER,1994,12.866
Peru,PER,2000,16.33
Peru,PER,2001,17.77
Peru,PER,2002,18.23
Peru,PER,2003,18.73
Peru,PER,2004,17.67
Peru,PER,2005,18.43
Peru,PER,2006,20.05
Peru,PER,2007,19.97
Peru,PER,2008,19.5
Peru,PER,2009,19.95
Peru,PER,2010,20.71
Peru,PER,2011,22.27
Peru,PER,2012,22.08
Peru,PER,2013,23.47
Peru,PER,2014,23.95
Peru,PER,2015,25.45
Peru,PER,2016,26.02
Peru,PER,2017,30.89
Peru,PER,2018,33.39
Peru,PER,2019,34.43
Peru,PER,2020,33.64
Peru,PER,2021,35.09
Peru,PER,2022,33.09
Peru,PER,2023,33.1
Peru,PER,2024,35.64
Peru,PER,2025,38.47
Philippines,PHL,1965,1.55
Philippines,PHL,1966,1.52
Philippines,PHL,1967,1.68
Philippines,PHL,1968,1.72
Philippines,PHL,1969,1.815
Philippines,PHL,1970,2.097
Philippines,PHL,1971,1.933
Philippines,PHL,1972,2.207
Philippines,PHL,1973,2.374
Philippines,PHL,1974,2.051
Philippines,PHL,1975,2.272
Philippines,PHL,1976,2.795
Philippines,PHL,1977,2.115
Philippines,PHL,1978,2.8140001
Philippines,PHL,1979,3.51794
Philippines,PHL,1980,5.56685
Philippines,PHL,1981,7.63719
Philippines,PHL,1982,7.68086
Philippines,PHL,1983,8.90298
Philippines,PHL,1984,10.636459
Philippines,PHL,1985,11.49518
Philippines,PHL,1986,11.5903
Philippines,PHL,1987,10.14297
Philippines,PHL,1988,11.48691
Philippines,PHL,1989,12.186661
Philippines,PHL,1990,11.95776
Philippines,PHL,1991,10.903
Philippines,PHL,1992,10.139999
Philippines,PHL,1993,10.6970005
Philippines,PHL,1994,12.182
Philippines,PHL,1995,12.367001
Philippines,PHL,1996,13.564
Philippines,PHL,1997,13.306
Philippines,PHL,1998,13.98
Philippines,PHL,1999,18.434
Philippines,PHL,2000,19.43
Philippines,PHL,2001,17.54
Philippines,PHL,2002,17.27
Philippines,PHL,2003,17.69
Philippines,PHL,2004,18.87
Philippines,PHL,2005,18.31
Philippines,PHL,2006,20.46
Philippines,PHL,2007,18.84
Philippines,PHL,2008,20.62
Philippines,PHL,2009,20.17
Philippines,PHL,2010,17.81
Philippines,PHL,2011,19.82
Philippines,PHL,2012,20.74
Philippines,PHL,2013,19.87
Philippines,PHL,2014,19.78
Philippines,PHL,2015,20.94
Philippines,PHL,2016,21.98
Philippines,PHL,2017,23.17
Philippines,PHL,2018,23.31
Philippines,PHL,2019,22.04
Philippines,PHL,2020,21.6
Philippines,PHL,2021,23.41
Philippines,PHL,2022,24.72
Philippines,PHL,2023,25.01
Philippines,PHL,2024,25.42
Philippines,PHL,2025,28.7
Poland,POL,1965,0.92200005
Poland,POL,1966,0.934
Poland,POL,1967,1.001
Poland,POL,1968,1.052
Poland,POL,1969,0.894
Poland,POL,1970,1.83
Poland,POL,1971,1.67
Poland,POL,1972,1.688
Poland,POL,1973,1.679
Poland,POL,1974,2.3569999
Poland,POL,1975,2.201
Poland,POL,1976,1.828
Poland,POL,1977,2.2220001
Poland,POL,1978,2.213
Poland,POL,1979,2.047
Poland,POL,1980,2.597
Poland,POL,1981,2.4060001
Poland,POL,1982,1.812
Poland,POL,1983,2.037
Poland,POL,1984,1.753
Poland,POL,1985,2.249
Poland,POL,1986,1.917
Poland,POL,1987,1.854
Poland,POL,1988,1.887
Poland,POL,1989,1.712
Poland,POL,1990,1.49
Poland,POL,1991,1.5
Poland,POL,1992,1.62
Poland,POL,1993,1.55
Poland,POL,1994,1.78
Poland,POL,1995,1.96
Poland,POL,1996,2.06
Poland,POL,1997,2.13
Poland,POL,1998,2.53
Poland,POL,1999,2.34
Poland,POL,2000,2.33
Poland,POL,2001,2.78
Poland,POL,2002,2.77
Poland,POL,2003,2.25
Poland,POL,2004,3.2
Poland,POL,2005,3.85
Poland,POL,2006,4.29
Poland,POL,2007,5.43
Poland,POL,2008,6.61
Poland,POL,2009,8.69
Poland,POL,2010,10.88
Poland,POL,2011,13.13
Poland,POL,2012,16.88
Poland,POL,2013,17.06
Poland,POL,2014,19.85
Poland,POL,2015,22.69
Poland,POL,2016,22.81
Poland,POL,2017,24.13
Poland,POL,2018,21.62
Poland,POL,2019,25.46
Poland,POL,2020,28.23
Poland,POL,2021,30.56
Poland,POL,2022,37.69
Poland,POL,2023,45.86
Poland,POL,2024,53.61
Poland,POL,2025,54.59
Portugal,PRT,1965,4.1819997
Portugal,PRT,1966,5.476
Portugal,PRT,1967,5.673
Portugal,PRT,1968,5.4160004
Portugal,PRT,1969,6.591
Portugal,PRT,1970,5.99
Portugal,PRT,1971,6.313
Portugal,PRT,1972,7.199
Portugal,PRT,1973,7.5249996
Portugal,PRT,1974,8.008
Portugal,PRT,1975,6.646
Portugal,PRT,1976,5.017
Portugal,PRT,1977,10.2
Portugal,PRT,1978,11.043
Portugal,PRT,1979,11.471001
Portugal,PRT,1980,8.335
Portugal,PRT,1981,5.33
Portugal,PRT,1982,7.274
Portugal,PRT,1983,8.431
Portugal,PRT,1984,10.1380005
Portugal,PRT,1985,11.241
Portugal,PRT,1986,9.12
Portugal,PRT,1987,9.767
Portugal,PRT,1988,12.886
Portugal,PRT,1989,6.48201
Portugal,PRT,1990,9.83
Portugal,PRT,1991,9.84
Portugal,PRT,1992,5.49
Portugal,PRT,1993,9.43
Portugal,PRT,1994,11.63
Portugal,PRT,1995,9.38
Portugal,PRT,1996,15.78
Portugal,PRT,1997,14.23
Portugal,PRT,1998,14.15
Portugal,PRT,1999,8.62
Portugal,PRT,2000,12.87
Portugal,PRT,2001,15.74
Portugal,PRT,2002,9.73
Portugal,PRT,2003,17.7
Portugal,PRT,2004,12.31
Portugal,PRT,2005,8.25
Portugal,PRT,2006,15.72
Portugal,PRT,2007,16.21
Portugal,PRT,2008,14.64
Portugal,PRT,2009,18.29
Portugal,PRT,2010,28.35
Portugal,PRT,2011,24.11
Portugal,PRT,2012,19.37
Portugal,PRT,2013,29.47
Portugal,PRT,2014,31.57
Portugal,PRT,2015,24.36
Portugal,PRT,2016,32.3
Portugal,PRT,2017,22.58
Portugal,PRT,2018,29.41
Portugal,PRT,2019,27.41
Portugal,PRT,2020,30.11
Portugal,PRT,2021,31.54
Portugal,PRT,2022,27.61
Portugal,PRT,2023,34.36
Portugal,PRT,2024,40.27
Portugal,PRT,2025,41.39
Puerto Rico,PRI,2000,0.15
Puerto Rico,PRI,2001,0.13
Puerto Rico,PRI,2002,0.11
Puerto Rico,PRI,2003,0.1
Puerto Rico,PRI,2004,0.14
Puerto Rico,PRI,2005,0.14
Puerto Rico,PRI,2006,0.14
Puerto Rico,PRI,2007,0.16
Puerto Rico,PRI,2008,0.16
Puerto Rico,PRI,2009,0.17
Puerto Rico,PRI,2010,0.16
Puerto Rico,PRI,2011,0.15
Puerto Rico,PRI,2012,0.12
Puerto Rico,PRI,2013,0.29
Puerto Rico,PRI,2014,0.35
Puerto Rico,PRI,2015,0.38
Puerto Rico,PRI,2016,0.39
Puerto Rico,PRI,2017,0.37
Puerto Rico,PRI,2018,0.47
Puerto Rico,PRI,2019,0.73
Puerto Rico,PRI,2020,0.76
Puerto Rico,PRI,2021,0.9
Puerto Rico,PRI,2022,1.07
Puerto Rico,PRI,2023,1.07
Puerto Rico,PRI,2024,1.2
Puerto Rico,PRI,2025,1.29
Qatar,QAT,1971,0
Qatar,QAT,1972,0
Qatar,QAT,1973,0
Qatar,QAT,1974,0
Qatar,QAT,1975,0
Qatar,QAT,1976,0
Qatar,QAT,1977,0
Qatar,QAT,1978,0
Qatar,QAT,1979,0
Qatar,QAT,1980,0
Qatar,QAT,1981,0
Qatar,QAT,1982,0
Qatar,QAT,1983,0
Qatar,QAT,1984,0
Qatar,QAT,1985,0
Qatar,QAT,1986,0
Qatar,QAT,1987,0
Qatar,QAT,1988,0
Qatar,QAT,1989,0
Qatar,QAT,1990,0
Qatar,QAT,1991,0
Qatar,QAT,1992,0
Qatar,QAT,1993,0
Qatar,QAT,1994,0
Qatar,QAT,1995,0
Qatar,QAT,1996,0
Qatar,QAT,1997,0
Qatar,QAT,1998,0
Qatar,QAT,1999,0
Qatar,QAT,2000,0
Qatar,QAT,2001,0
Qatar,QAT,2002,0
Qatar,QAT,2003,0
Qatar,QAT,2004,0
Qatar,QAT,2005,0
Qatar,QAT,2006,0
Qatar,QAT,2007,0
Qatar,QAT,2008,0
Qatar,QAT,2009,0
Qatar,QAT,2010,0
Qatar,QAT,2011,0
Qatar,QAT,2012,0.01
Qatar,QAT,2013,0.08
Qatar,QAT,2014,0.11
Qatar,QAT,2015,0.13
Qatar,QAT,2016,0.13
Qatar,QAT,2017,0.14
Qatar,QAT,2018,0.15
Qatar,QAT,2019,0.13
Qatar,QAT,2020,0.14
Qatar,QAT,2021,0.15
Qatar,QAT,2022,0.72
Qatar,QAT,2023,2.01
Qatar,QAT,2024,2.28
Qatar,QAT,2025,2.28
Reunion,REU,2000,0.82
Reunion,REU,2001,0.75
Reunion,REU,2002,0.83
Reunion,REU,2003,0.86
Reunion,REU,2004,0.87
Reunion,REU,2005,0.77
Reunion,REU,2006,0.85
Reunion,REU,2007,0.91
Reunion,REU,2008,0.91
Reunion,REU,2009,0.85
Reunion,REU,2010,0.92
Reunion,REU,2011,0.83
Reunion,REU,2012,0.98
Reunion,REU,2013,1.07
Reunion,REU,2014,0.95
Reunion,REU,2015,1.05
Reunion,REU,2016,1
Reunion,REU,2017,0.96
Reunion,REU,2018,1.07
Reunion,REU,2019,0.95
Reunion,REU,2020,0.93
Reunion,REU,2021,0.87
Reunion,REU,2022,1.15
Reunion,REU,2023,1.74
Romania,ROU,1971,4.495
Romania,ROU,1972,7.343
Romania,ROU,1973,7.547
Romania,ROU,1974,8.476
Romania,ROU,1975,9.361
Romania,ROU,1976,8.107
Romania,ROU,1977,9.345
Romania,ROU,1978,10.614
Romania,ROU,1979,11.339
Romania,ROU,1980,12.637
Romania,ROU,1981,12.737
Romania,ROU,1982,11.854
Romania,ROU,1983,10.038
Romania,ROU,1984,11.326
Romania,ROU,1985,12.713
Romania,ROU,1986,10.81
Romania,ROU,1987,11.209
Romania,ROU,1988,14.776
Romania,ROU,1989,13.678
Romania,ROU,1990,11.41
Romania,ROU,1991,14.59
Romania,ROU,1992,11.7
Romania,ROU,1993,12.77
Romania,ROU,1994,13.05
Romania,ROU,1995,16.69
Romania,ROU,1996,15.76
Romania,ROU,1997,17.52
Romania,ROU,1998,18.89
Romania,ROU,1999,18.29
Romania,ROU,2000,14.78
Romania,ROU,2001,14.92
Romania,ROU,2002,16.05
Romania,ROU,2003,13.26
Romania,ROU,2004,16.51
Romania,ROU,2005,20.22
Romania,ROU,2006,18.36
Romania,ROU,2007,16.01
Romania,ROU,2008,17.22
Romania,ROU,2009,15.55
Romania,ROU,2010,20.3
Romania,ROU,2011,16.32
Romania,ROU,2012,14.93
Romania,ROU,2013,20.15
Romania,ROU,2014,27.12
Romania,ROU,2015,26.19
Romania,ROU,2016,26.97
Romania,ROU,2017,24.29
Romania,ROU,2018,26.19
Romania,ROU,2019,24.63
Romania,ROU,2020,24.61
Romania,ROU,2021,26.34
Romania,ROU,2022,23.62
Romania,ROU,2023,28.36
Romania,ROU,2024,24.52
Romania,ROU,2025,23.43
Russia,RUS,1990,166.91061
Russia,RUS,1991,168.159
Russia,RUS,1992,172.657
Russia,RUS,1993,174.349
Russia,RUS,1994,175.987
Russia,RUS,1995,176.31421
Russia,RUS,1996,154.36601
Russia,RUS,1997,157.49101
Russia,RUS,1998,158.555
Russia,RUS,1999,160.55
Russia,RUS,2000,164.16
Russia,RUS,2001,174.01
Russia,RUS,2002,162.35
Russia,RUS,2003,156.05
Russia,RUS,2004,176.14
Russia,RUS,2005,173.07
Russia,RUS,2006,173.81
Russia,RUS,2007,177.53
Russia,RUS,2008,165.28
Russia,RUS,2009,174.7
Russia,RUS,2010,167.02
Russia,RUS,2011,163.62
Russia,RUS,2012,163.96
Russia,RUS,2013,181.64
Russia,RUS,2014,174.21
Russia,RUS,2015,168.96
Russia,RUS,2016,185.68
Russia,RUS,2017,186.36
Russia,RUS,2018,192
Russia,RUS,2019,196.22
Russia,RUS,2020,216.25
Russia,RUS,2021,220.24
Russia,RUS,2022,205.11
Russia,RUS,2023,209.1
Russia,RUS,2024,218.86
Russia,RUS,2025,206.98
Rwanda,RWA,2000,0.1
Rwanda,RWA,2001,0.09
Rwanda,RWA,2002,0.1
Rwanda,RWA,2003,0.12
Rwanda,RWA,2004,0.08
Rwanda,RWA,2005,0.1
Rwanda,RWA,2006,0.13
Rwanda,RWA,2007,0.12
Rwanda,RWA,2008,0.16
Rwanda,RWA,2009,0.16
Rwanda,RWA,2010,0.11
Rwanda,RWA,2011,0.15
Rwanda,RWA,2012,0.18
Rwanda,RWA,2013,0.15
Rwanda,RWA,2014,0.2
Rwanda,RWA,2015,0.29
Rwanda,RWA,2016,0.32
Rwanda,RWA,2017,0.3
Rwanda,RWA,2018,0.34
Rwanda,RWA,2019,0.43
Rwanda,RWA,2020,0.56
Rwanda,RWA,2021,0.59
Rwanda,RWA,2022,0.6
Rwanda,RWA,2023,0.54
Rwanda,RWA,2024,0.56
Saint Helena,SHN,2000,0
Saint Helena,SHN,2001,0
Saint Helena,SHN,2002,0
Saint Helena,SHN,2003,0
Saint Helena,SHN,2004,0
Saint Helena,SHN,2005,0
Saint Helena,SHN,2006,0
Saint Helena,SHN,2007,0
Saint Helena,SHN,2008,0
Saint Helena,SHN,2009,0
Saint Helena,SHN,2010,0
Saint Helena,SHN,2011,0
Saint Helena,SHN,2012,0
Saint Helena,SHN,2013,0
Saint Helena,SHN,2014,0
Saint Helena,SHN,2015,0
Saint Helena,SHN,2016,0
Saint Helena,SHN,2017,0
Saint Helena,SHN,2018,0
Saint Helena,SHN,2019,0
Saint Helena,SHN,2020,0
Saint Helena,SHN,2021,0
Saint Helena,SHN,2022,0
Saint Helena,SHN,2023,0
Saint Kitts and Nevis,KNA,2000,0
Saint Kitts and Nevis,KNA,2001,0
Saint Kitts and Nevis,KNA,2002,0
Saint Kitts and Nevis,KNA,2003,0
Saint Kitts and Nevis,KNA,2004,0
Saint Kitts and Nevis,KNA,2005,0
Saint Kitts and Nevis,KNA,2006,0
Saint Kitts and Nevis,KNA,2007,0
Saint Kitts and Nevis,KNA,2008,0
Saint Kitts and Nevis,KNA,2009,0
Saint Kitts and Nevis,KNA,2010,0
Saint Kitts and Nevis,KNA,2011,0
Saint Kitts and Nevis,KNA,2012,0.01
Saint Kitts and Nevis,KNA,2013,0.01
Saint Kitts and Nevis,KNA,2014,0.01
Saint Kitts and Nevis,KNA,2015,0.01
Saint Kitts and Nevis,KNA,2016,0.01
Saint Kitts and Nevis,KNA,2017,0
Saint Kitts and Nevis,KNA,2018,0.01
Saint Kitts and Nevis,KNA,2019,0.01
Saint Kitts and Nevis,KNA,2020,0.01
Saint Kitts and Nevis,KNA,2021,0.01
Saint Kitts and Nevis,KNA,2022,0.01
Saint Kitts and Nevis,KNA,2023,0.01
Saint Kitts and Nevis,KNA,2024,0.02
Saint Lucia,LCA,2000,0
Saint Lucia,LCA,2001,0
Saint Lucia,LCA,2002,0
Saint Lucia,LCA,2003,0
Saint Lucia,LCA,2004,0
Saint Lucia,LCA,2005,0
Saint Lucia,LCA,2006,0
Saint Lucia,LCA,2007,0
Saint Lucia,LCA,2008,0
Saint Lucia,LCA,2009,0
Saint Lucia,LCA,2010,0
Saint Lucia,LCA,2011,0
Saint Lucia,LCA,2012,0
Saint Lucia,LCA,2013,0
Saint Lucia,LCA,2014,0
Saint Lucia,LCA,2015,0
Saint Lucia,LCA,2016,0
Saint Lucia,LCA,2017,0
Saint Lucia,LCA,2018,0.01
Saint Lucia,LCA,2019,0.01
Saint Lucia,LCA,2020,0.01
Saint Lucia,LCA,2021,0.01
Saint Lucia,LCA,2022,0.01
Saint Lucia,LCA,2023,0.01
Saint Lucia,LCA,2024,0.01
Saint Pierre and Miquelon,SPM,2000,0
Saint Pierre and Miquelon,SPM,2001,0
Saint Pierre and Miquelon,SPM,2002,0
Saint Pierre and Miquelon,SPM,2003,0
Saint Pierre and Miquelon,SPM,2004,0
Saint Pierre and Miquelon,SPM,2005,0
Saint Pierre and Miquelon,SPM,2006,0
Saint Pierre and Miquelon,SPM,2007,0
Saint Pierre and Miquelon,SPM,2008,0
Saint Pierre and Miquelon,SPM,2009,0
Saint Pierre and Miquelon,SPM,2010,0
Saint Pierre and Miquelon,SPM,2011,0
Saint Pierre and Miquelon,SPM,2012,0
Saint Pierre and Miquelon,SPM,2013,0
Saint Pierre and Miquelon,SPM,2014,0
Saint Pierre and Miquelon,SPM,2015,0
Saint Pierre and Miquelon,SPM,2016,0
Saint Pierre and Miquelon,SPM,2017,0
Saint Pierre and Miquelon,SPM,2018,0
Saint Pierre and Miquelon,SPM,2019,0
Saint Pierre and Miquelon,SPM,2020,0
Saint Pierre and Miquelon,SPM,2021,0
Saint Pierre and Miquelon,SPM,2022,0
Saint Pierre and Miquelon,SPM,2023,0
Saint Vincent and the Grenadines,VCT,2000,0.03
Saint Vincent and the Grenadines,VCT,2001,0.02
Saint Vincent and the Grenadines,VCT,2002,0.02
Saint Vincent and the Grenadines,VCT,2003,0.02
Saint Vincent and the Grenadines,VCT,2004,0.03
Saint Vincent and the Grenadines,VCT,2005,0.03
Saint Vincent and the Grenadines,VCT,2006,0.02
Saint Vincent and the Grenadines,VCT,2007,0.02
Saint Vincent and the Grenadines,VCT,2008,0.02
Saint Vincent and the Grenadines,VCT,2009,0.02
Saint Vincent and the Grenadines,VCT,2010,0.03
Saint Vincent and the Grenadines,VCT,2011,0.03
Saint Vincent and the Grenadines,VCT,2012,0.03
Saint Vincent and the Grenadines,VCT,2013,0.02
Saint Vincent and the Grenadines,VCT,2014,0.01
Saint Vincent and the Grenadines,VCT,2015,0.02
Saint Vincent and the Grenadines,VCT,2016,0.02
Saint Vincent and the Grenadines,VCT,2017,0.02
Saint Vincent and the Grenadines,VCT,2018,0.02
Saint Vincent and the Grenadines,VCT,2019,0.02
Saint Vincent and the Grenadines,VCT,2020,0.02
Saint Vincent and the Grenadines,VCT,2021,0.02
Saint Vincent and the Grenadines,VCT,2022,0.02
Saint Vincent and the Grenadines,VCT,2023,0.02
Saint Vincent and the Grenadines,VCT,2024,0.02
Samoa,WSM,2000,0.04
Samoa,WSM,2001,0.05
Samoa,WSM,2002,0.06
Samoa,WSM,2003,0.05
Samoa,WSM,2004,0.05
Samoa,WSM,2005,0.05
Samoa,WSM,2006,0.05
Samoa,WSM,2007,0.05
Samoa,WSM,2008,0.05
Samoa,WSM,2009,0.05
Samoa,WSM,2010,0.05
Samoa,WSM,2011,0.05
Samoa,WSM,2012,0.04
Samoa,WSM,2013,0.03
Samoa,WSM,2014,0.03
Samoa,WSM,2015,0.04
Samoa,WSM,2016,0.05
Samoa,WSM,2017,0.05
Samoa,WSM,2018,0.06
Samoa,WSM,2019,0.07
Samoa,WSM,2020,0.07
Samoa,WSM,2021,0.08
Samoa,WSM,2022,0.07
Samoa,WSM,2023,0.06
Samoa,WSM,2024,0.07
Sao Tome and Principe,STP,2000,0.01
Sao Tome and Principe,STP,2001,0
Sao Tome and Principe,STP,2002,0.01
Sao Tome and Principe,STP,2003,0.01
Sao Tome and Principe,STP,2004,0.01
Sao Tome and Principe,STP,2005,0
Sao Tome and Principe,STP,2006,0.01
Sao Tome and Principe,STP,2007,0.01
Sao Tome and Principe,STP,2008,0.01
Sao Tome and Principe,STP,2009,0.01
Sao Tome and Principe,STP,2010,0
Sao Tome and Principe,STP,2011,0.01
Sao Tome and Principe,STP,2012,0.01
Sao Tome and Principe,STP,2013,0.01
Sao Tome and Principe,STP,2014,0.01
Sao Tome and Principe,STP,2015,0.01
Sao Tome and Principe,STP,2016,0.01
Sao Tome and Principe,STP,2017,0
Sao Tome and Principe,STP,2018,0
Sao Tome and Principe,STP,2019,0.01
Sao Tome and Principe,STP,2020,0.01
Sao Tome and Principe,STP,2021,0.01
Sao Tome and Principe,STP,2022,0.01
Sao Tome and Principe,STP,2023,0.01
Saudi Arabia,SAU,1971,0
Saudi Arabia,SAU,1972,0
Saudi Arabia,SAU,1973,0
Saudi Arabia,SAU,1974,0
Saudi Arabia,SAU,1975,0
Saudi Arabia,SAU,1976,0
Saudi Arabia,SAU,1977,0
Saudi Arabia,SAU,1978,0
Saudi Arabia,SAU,1979,0
Saudi Arabia,SAU,1980,0
Saudi Arabia,SAU,1981,0
Saudi Arabia,SAU,1982,0
Saudi Arabia,SAU,1983,0
Saudi Arabia,SAU,1984,0
Saudi Arabia,SAU,1985,0
Saudi Arabia,SAU,1986,0
Saudi Arabia,SAU,1987,0
Saudi Arabia,SAU,1988,0
Saudi Arabia,SAU,1989,0
Saudi Arabia,SAU,1990,0
Saudi Arabia,SAU,1991,0
Saudi Arabia,SAU,1992,0
Saudi Arabia,SAU,1993,0
Saudi Arabia,SAU,1994,0
Saudi Arabia,SAU,1995,0
Saudi Arabia,SAU,1996,0
Saudi Arabia,SAU,1997,0
Saudi Arabia,SAU,1998,0
Saudi Arabia,SAU,1999,0
Saudi Arabia,SAU,2000,0
Saudi Arabia,SAU,2001,0
Saudi Arabia,SAU,2002,0
Saudi Arabia,SAU,2003,0
Saudi Arabia,SAU,2004,0
Saudi Arabia,SAU,2005,0
Saudi Arabia,SAU,2006,0
Saudi Arabia,SAU,2007,0
Saudi Arabia,SAU,2008,0
Saudi Arabia,SAU,2009,0
Saudi Arabia,SAU,2010,0
Saudi Arabia,SAU,2011,0.01
Saudi Arabia,SAU,2012,0.03
Saudi Arabia,SAU,2013,0.04
Saudi Arabia,SAU,2014,0.05
Saudi Arabia,SAU,2015,0.05
Saudi Arabia,SAU,2016,0.05
Saudi Arabia,SAU,2017,0.07
Saudi Arabia,SAU,2018,0.16
Saudi Arabia,SAU,2019,0.22
Saudi Arabia,SAU,2020,0.92
Saudi Arabia,SAU,2021,1
Saudi Arabia,SAU,2022,2.01
Saudi Arabia,SAU,2023,4.72
Saudi Arabia,SAU,2024,9.82
Senegal,SEN,2000,0.05
Senegal,SEN,2001,0.06
Senegal,SEN,2002,0.26
Senegal,SEN,2003,0.38
Senegal,SEN,2004,0.33
Senegal,SEN,2005,0.31
Senegal,SEN,2006,0.28
Senegal,SEN,2007,0.22
Senegal,SEN,2008,0.27
Senegal,SEN,2009,0.29
Senegal,SEN,2010,0.32
Senegal,SEN,2011,0.33
Senegal,SEN,2012,0.34
Senegal,SEN,2013,0.37
Senegal,SEN,2014,0.38
Senegal,SEN,2015,0.4
Senegal,SEN,2016,0.43
Senegal,SEN,2017,0.53
Senegal,SEN,2018,0.7
Senegal,SEN,2019,0.78
Senegal,SEN,2020,1.02
Senegal,SEN,2021,1.35
Senegal,SEN,2022,1.41
Senegal,SEN,2023,1.39
Senegal,SEN,2024,1.51
Serbia,SRB,1990,7.49
Serbia,SRB,1991,9.57
Serbia,SRB,1992,9.17
Serbia,SRB,1993,8.06
Serbia,SRB,1994,8.92
Serbia,SRB,1995,9.9
Serbia,SRB,1996,11.48
Serbia,SRB,1997,10.5
Serbia,SRB,1998,10.32
Serbia,SRB,1999,11.14
Serbia,SRB,2000,9.82
Serbia,SRB,2001,9.89
Serbia,SRB,2002,9.93
Serbia,SRB,2003,8.74
Serbia,SRB,2004,10.62
Serbia,SRB,2005,11.41
Serbia,SRB,2006,10.35
Serbia,SRB,2007,9.46
Serbia,SRB,2008,9.56
Serbia,SRB,2009,10.54
Serbia,SRB,2010,11.89
Serbia,SRB,2011,8.67
Serbia,SRB,2012,9.3
Serbia,SRB,2013,10.22
Serbia,SRB,2014,11.03
Serbia,SRB,2015,10.11
Serbia,SRB,2016,10.86
Serbia,SRB,2017,9.29
Serbia,SRB,2018,10.9
Serbia,SRB,2019,10.51
Serbia,SRB,2020,10.16
Serbia,SRB,2021,12.55
Serbia,SRB,2022,9.82
Serbia,SRB,2023,13.75
Serbia,SRB,2024,11.85
Serbia,SRB,2025,10.18
Seychelles,SYC,2000,0
Seychelles,SYC,2001,0
Seychelles,SYC,2002,0
Seychelles,SYC,2003,0
Seychelles,SYC,2004,0
Seychelles,SYC,2005,0
Seychelles,SYC,2006,0
Seychelles,SYC,2007,0
Seychelles,SYC,2008,0
Seychelles,SYC,2009,0
Seychelles,SYC,2010,0
Seychelles,SYC,2011,0
Seychelles,SYC,2012,0
Seychelles,SYC,2013,0.01
Seychelles,SYC,2014,0.01
Seychelles,SYC,2015,0.01
Seychelles,SYC,2016,0.01
Seychelles,SYC,2017,0.01
Seychelles,SYC,2018,0.01
Seychelles,SYC,2019,0.04
Seychelles,SYC,2020,0.07
Seychelles,SYC,2021,0.08
Seychelles,SYC,2022,0.09
Seychelles,SYC,2023,0.09
Seychelles,SYC,2024,0.1
Sierra Leone,SLE,2000,0.01
Sierra Leone,SLE,2001,0.01
Sierra Leone,SLE,2002,0.02
Sierra Leone,SLE,2003,0.02
Sierra Leone,SLE,2004,0.02
Sierra Leone,SLE,2005,0.02
Sierra Leone,SLE,2006,0
Sierra Leone,SLE,2007,0.02
Sierra Leone,SLE,2008,0.02
Sierra Leone,SLE,2009,0.02
Sierra Leone,SLE,2010,0.12
Sierra Leone,SLE,2011,0.15
Sierra Leone,SLE,2012,0.12
Sierra Leone,SLE,2013,0.1
Sierra Leone,SLE,2014,0.12
Sierra Leone,SLE,2015,0.12
Sierra Leone,SLE,2016,0.13
Sierra Leone,SLE,2017,0.14
Sierra Leone,SLE,2018,0.18
Sierra Leone,SLE,2019,0.19
Sierra Leone,SLE,2020,0.19
Sierra Leone,SLE,2021,0.19
Sierra Leone,SLE,2022,0.19
Sierra Leone,SLE,2023,0.2
Sierra Leone,SLE,2024,0.2
Singapore,SGP,1971,0
Singapore,SGP,1972,0
Singapore,SGP,1973,0
Singapore,SGP,1974,0
Singapore,SGP,1975,0
Singapore,SGP,1976,0
Singapore,SGP,1977,0
Singapore,SGP,1978,0
Singapore,SGP,1979,0
Singapore,SGP,1980,0
Singapore,SGP,1981,0
Singapore,SGP,1982,0
Singapore,SGP,1983,0
Singapore,SGP,1984,0
Singapore,SGP,1985,0
Singapore,SGP,1986,0.085
Singapore,SGP,1987,0.085
Singapore,SGP,1988,0.085
Singapore,SGP,1989,0.085
Singapore,SGP,1990,0.085
Singapore,SGP,1991,0.245
Singapore,SGP,1992,0.245
Singapore,SGP,1993,0.245
Singapore,SGP,1994,0.245
Singapore,SGP,1995,0.245
Singapore,SGP,1996,0.245
Singapore,SGP,1997,0.245
Singapore,SGP,1998,0.245
Singapore,SGP,1999,0.245
Singapore,SGP,2000,0.49
Singapore,SGP,2001,0.69
Singapore,SGP,2002,0.77
Singapore,SGP,2003,0.99
Singapore,SGP,2004,0.96
Singapore,SGP,2005,0.96
Singapore,SGP,2006,0.95
Singapore,SGP,2007,0.99
Singapore,SGP,2008,1.04
Singapore,SGP,2009,1.05
Singapore,SGP,2010,1.18
Singapore,SGP,2011,1.2
Singapore,SGP,2012,1.27
Singapore,SGP,2013,1.69
Singapore,SGP,2014,1.38
Singapore,SGP,2015,1.46
Singapore,SGP,2016,1.5
Singapore,SGP,2017,1.51
Singapore,SGP,2018,1.49
Singapore,SGP,2019,1.51
Singapore,SGP,2020,1.49
Singapore,SGP,2021,1.62
Singapore,SGP,2022,2.33
Singapore,SGP,2023,2.6
Singapore,SGP,2024,2.94
Singapore,SGP,2025,3.3
Slovakia,SVK,1971,1.476
Slovakia,SVK,1972,1.546
Slovakia,SVK,1973,1.322
Slovakia,SVK,1974,2.223
Slovakia,SVK,1975,2.002
Slovakia,SVK,1976,2.019
Slovakia,SVK,1977,2.408
Slovakia,SVK,1978,2.259
Slovakia,SVK,1979,1.884
Slovakia,SVK,1980,2.257
Slovakia,SVK,1981,1.966
Slovakia,SVK,1982,1.726
Slovakia,SVK,1983,1.832
Slovakia,SVK,1984,1.555
Slovakia,SVK,1985,2.117
Slovakia,SVK,1986,1.675
Slovakia,SVK,1987,1.932
Slovakia,SVK,1988,1.755
Slovakia,SVK,1989,1.962
Slovakia,SVK,1990,1.88
Slovakia,SVK,1991,1.41
Slovakia,SVK,1992,1.94
Slovakia,SVK,1993,3.47
Slovakia,SVK,1994,4.36
Slovakia,SVK,1995,4.88
Slovakia,SVK,1996,4.23
Slovakia,SVK,1997,4.06
Slovakia,SVK,1998,4.27
Slovakia,SVK,1999,4.47
Slovakia,SVK,2000,4.61
Slovakia,SVK,2001,5.08
Slovakia,SVK,2002,5.42
Slovakia,SVK,2003,3.58
Slovakia,SVK,2004,4.13
Slovakia,SVK,2005,4.68
Slovakia,SVK,2006,4.81
Slovakia,SVK,2007,4.93
Slovakia,SVK,2008,4.57
Slovakia,SVK,2009,4.92
Slovakia,SVK,2010,5.95
Slovakia,SVK,2011,5
Slovakia,SVK,2012,5.47
Slovakia,SVK,2013,6.36
Slovakia,SVK,2014,6.24
Slovakia,SVK,2015,6.05
Slovakia,SVK,2016,6.63
Slovakia,SVK,2017,6.54
Slovakia,SVK,2018,5.81
Slovakia,SVK,2019,6.65
Slovakia,SVK,2020,6.85
Slovakia,SVK,2021,6.77
Slovakia,SVK,2022,5.82
Slovakia,SVK,2023,6.71
Slovakia,SVK,2024,7.1
Slovakia,SVK,2025,5.45
Slovenia,SVN,1990,2.95
Slovenia,SVN,1991,3.61
Slovenia,SVN,1992,3.42
Slovenia,SVN,1993,3.04
Slovenia,SVN,1994,3.4
Slovenia,SVN,1995,3.25
Slovenia,SVN,1996,3.67
Slovenia,SVN,1997,3.09
Slovenia,SVN,1998,3.45
Slovenia,SVN,1999,3.77
Slovenia,SVN,2000,3.9
Slovenia,SVN,2001,3.87
Slovenia,SVN,2002,3.41
Slovenia,SVN,2003,3.08
Slovenia,SVN,2004,4.21
Slovenia,SVN,2005,3.57
Slovenia,SVN,2006,3.7
Slovenia,SVN,2007,3.38
Slovenia,SVN,2008,4.31
Slovenia,SVN,2009,4.9
Slovenia,SVN,2010,4.75
Slovenia,SVN,2011,3.88
Slovenia,SVN,2012,4.33
Slovenia,SVN,2013,5.11
Slovenia,SVN,2014,6.6
Slovenia,SVN,2015,4.35
Slovenia,SVN,2016,5.06
Slovenia,SVN,2017,4.44
Slovenia,SVN,2018,5.22
Slovenia,SVN,2019,5.04
Slovenia,SVN,2020,5.58
Slovenia,SVN,2021,5.44
Slovenia,SVN,2022,4.07
Slovenia,SVN,2023,6.3
Slovenia,SVN,2024,6.87
Slovenia,SVN,2025,5.88
Solomon Islands,SLB,2000,0
Solomon Islands,SLB,2001,0
Solomon Islands,SLB,2002,0
Solomon Islands,SLB,2003,0
Solomon Islands,SLB,2004,0
Solomon Islands,SLB,2005,0
Solomon Islands,SLB,2006,0
Solomon Islands,SLB,2007,0
Solomon Islands,SLB,2008,0
Solomon Islands,SLB,2009,0
Solomon Islands,SLB,2010,0
Solomon Islands,SLB,2011,0
Solomon Islands,SLB,2012,0
Solomon Islands,SLB,2013,0
Solomon Islands,SLB,2014,0
Solomon Islands,SLB,2015,0
Solomon Islands,SLB,2016,0
Solomon Islands,SLB,2017,0
Solomon Islands,SLB,2018,0
Solomon Islands,SLB,2019,0
Solomon Islands,SLB,2020,0
Solomon Islands,SLB,2021,0
Solomon Islands,SLB,2022,0.01
Solomon Islands,SLB,2023,0.01
Solomon Islands,SLB,2024,0.01
Somalia,SOM,2000,0
Somalia,SOM,2001,0
Somalia,SOM,2002,0
Somalia,SOM,2003,0
Somalia,SOM,2004,0
Somalia,SOM,2005,0
Somalia,SOM,2006,0
Somalia,SOM,2007,0
Somalia,SOM,2008,0
Somalia,SOM,2009,0
Somalia,SOM,2010,0
Somalia,SOM,2011,0
Somalia,SOM,2012,0
Somalia,SOM,2013,0
Somalia,SOM,2014,0
Somalia,SOM,2015,0
Somalia,SOM,2016,0.01
Somalia,SOM,2017,0.02
Somalia,SOM,2018,0.02
Somalia,SOM,2019,0.02
Somalia,SOM,2020,0.03
Somalia,SOM,2021,0.04
Somalia,SOM,2022,0.08
Somalia,SOM,2023,0.08
Somalia,SOM,2024,0.09
South Africa,ZAF,1971,0.112
South Africa,ZAF,1972,0.834
South Africa,ZAF,1973,0.985
South Africa,ZAF,1974,1.132
South Africa,ZAF,1975,1.12
South Africa,ZAF,1976,1.876
South Africa,ZAF,1977,1.944
South Africa,ZAF,1978,1.907
South Africa,ZAF,1979,1.144
South Africa,ZAF,1980,0.992
South Africa,ZAF,1981,1.653
South Africa,ZAF,1982,1.016
South Africa,ZAF,1983,0.595
South Africa,ZAF,1984,0.56
South Africa,ZAF,1985,0.624
South Africa,ZAF,1986,1.623
South Africa,ZAF,1987,1.617
South Africa,ZAF,1988,3.162
South Africa,ZAF,1989,2.759
South Africa,ZAF,1990,1.01
South Africa,ZAF,1991,1.98
South Africa,ZAF,1992,0.75200003
South Africa,ZAF,1993,0.14600004
South Africa,ZAF,1994,1.0739999
South Africa,ZAF,1995,0.529
South Africa,ZAF,1996,1.3789998
South Africa,ZAF,1997,2.238
South Africa,ZAF,1998,1.826
South Africa,ZAF,1999,0.92299986
South Africa,ZAF,2000,1.58
South Africa,ZAF,2001,2.14
South Africa,ZAF,2002,2.56
South Africa,ZAF,2003,1.27
South Africa,ZAF,2004,1.36
South Africa,ZAF,2005,1.79
South Africa,ZAF,2006,3.34
South Africa,ZAF,2007,3.33
South Africa,ZAF,2008,1.76
South Africa,ZAF,2009,1.95
South Africa,ZAF,2010,1.59
South Africa,ZAF,2011,3.53
South Africa,ZAF,2012,1.51
South Africa,ZAF,2013,1.67
South Africa,ZAF,2014,4.31
South Africa,ZAF,2015,6.52
South Africa,ZAF,2016,8.17
South Africa,ZAF,2017,12.13
South Africa,ZAF,2018,12.48
South Africa,ZAF,2019,13.2
South Africa,ZAF,2020,15.27
South Africa,ZAF,2021,18.92
South Africa,ZAF,2022,23.62
South Africa,ZAF,2023,28.88
South Africa,ZAF,2024,30.97
South Africa,ZAF,2025,33.1
South America,OWID_SAM,2000,544.47003
South America,OWID_SAM,2001,511.86
South America,OWID_SAM,2002,537.31
South America,OWID_SAM,2003,561.81
South America,OWID_SAM,2004,583.99
South America,OWID_SAM,2005,618.02
South America,OWID_SAM,2006,645.91003
South America,OWID_SAM,2007,672.88
South America,OWID_SAM,2008,678.68
South America,OWID_SAM,2009,701.07996
South America,OWID_SAM,2010,712.52
South America,OWID_SAM,2011,758.98
South America,OWID_SAM,2012,748.77
South America,OWID_SAM,2013,742.7
South America,OWID_SAM,2014,717.12
South America,OWID_SAM,2015,733.57
South America,OWID_SAM,2016,767.12
South America,OWID_SAM,2017,787.06
South America,OWID_SAM,2018,818.52
South America,OWID_SAM,2019,823.76
South America,OWID_SAM,2020,836.49
South America,OWID_SAM,2021,838.47
South America,OWID_SAM,2022,934.32
South America,OWID_SAM,2023,991.33
South America,OWID_SAM,2024,1013.97003
South Korea,KOR,1971,1.319976
South Korea,KOR,1972,1.368076
South Korea,KOR,1973,1.284465
South Korea,KOR,1974,1.905858
South Korea,KOR,1975,1.682809
South Korea,KOR,1976,1.788661
South Korea,KOR,1977,1.392729
South Korea,KOR,1978,1.807524
South Korea,KOR,1979,2.296168
South Korea,KOR,1980,1.920375
South Korea,KOR,1981,2.597707
South Korea,KOR,1982,1.715362
South Korea,KOR,1983,2.294191
South Korea,KOR,1984,1.998143
South Korea,KOR,1985,3.184966
South Korea,KOR,1986,3.10988
South Korea,KOR,1987,3.965371
South Korea,KOR,1988,1.987232
South Korea,KOR,1989,2.963969
South Korea,KOR,1990,4.684946
South Korea,KOR,1991,3.487046
South Korea,KOR,1992,3.0994482
South Korea,KOR,1993,4.230549
South Korea,KOR,1994,2.349092
South Korea,KOR,1995,3.011923
South Korea,KOR,1996,2.8303568
South Korea,KOR,1997,2.895992
South Korea,KOR,1998,4.343418
South Korea,KOR,1999,4.256671
South Korea,KOR,2000,4.12
South Korea,KOR,2001,2.44
South Korea,KOR,2002,3.43
South Korea,KOR,2003,5.11
South Korea,KOR,2004,4.66
South Korea,KOR,2005,4.07
South Korea,KOR,2006,3.98
South Korea,KOR,2007,4.46
South Korea,KOR,2008,4.44
South Korea,KOR,2009,4.61
South Korea,KOR,2010,5.69
South Korea,KOR,2011,7.4
South Korea,KOR,2012,8.17
South Korea,KOR,2013,10.23
South Korea,KOR,2014,12.89
South Korea,KOR,2015,15.2
South Korea,KOR,2016,18.13
South Korea,KOR,2017,22.33
South Korea,KOR,2018,27.8
South Korea,KOR,2019,33.01
South Korea,KOR,2020,40.4
South Korea,KOR,2021,48.1
South Korea,KOR,2022,55.49
South Korea,KOR,2023,59.07
South Korea,KOR,2024,60.72
South Korea,KOR,2025,64.93
South Sudan,SSD,2012,0
South Sudan,SSD,2013,0
South Sudan,SSD,2014,0
South Sudan,SSD,2015,0
South Sudan,SSD,2016,0
South Sudan,SSD,2017,0
South Sudan,SSD,2018,0
South Sudan,SSD,2019,0
South Sudan,SSD,2020,0.01
South Sudan,SSD,2021,0.01
South Sudan,SSD,2022,0.01
South Sudan,SSD,2023,0.01
South Sudan,SSD,2024,0.01
South and Central America (EI),,1971,75.22102
South and Central America (EI),,1972,84.83529
South and Central America (EI),,1973,95.28652
South and Central America (EI),,1974,109.25224
South and Central America (EI),,1975,118.78933
South and Central America (EI),,1976,132.7877
South and Central America (EI),,1977,146.80806
South and Central America (EI),,1978,162.27144
South and Central America (EI),,1979,184.16898
South and Central America (EI),,1980,205.8485
South and Central America (EI),,1981,209.32817
South and Central America (EI),,1982,225.71942
South and Central America (EI),,1983,243.46754
South and Central America (EI),,1984,267.79248
South and Central America (EI),,1985,289.58447
South and Central America (EI),,1986,312.27505
South and Central America (EI),,1987,333.23236
South and Central America (EI),,1988,345.8637
South and Central America (EI),,1989,354.2898
South and Central America (EI),,1990,369.13474
South and Central America (EI),,1991,393.5018
South and Central America (EI),,1992,402.89798
South and Central America (EI),,1993,433.5532
South and Central America (EI),,1994,458.57687
South and Central America (EI),,1995,474.81873
South and Central America (EI),,1996,494.6808
South and Central America (EI),,1997,522.0188
South and Central America (EI),,1998,533.11194
South and Central America (EI),,1999,536.77454
South and Central America (EI),,2000,565.13306
South and Central America (EI),,2001,532.77094
South and Central America (EI),,2002,560.2996
South and Central America (EI),,2003,585.8898
South and Central America (EI),,2004,605.8061
South and Central America (EI),,2005,642.0099
South and Central America (EI),,2006,671.641
South and Central America (EI),,2007,699.43933
South and Central America (EI),,2008,708.8377
South and Central America (EI),,2009,730.2581
South and Central America (EI),,2010,744.4561
South and Central America (EI),,2011,788.67865
South and Central America (EI),,2012,785.4489
South and Central America (EI),,2013,772.687
South and Central America (EI),,2014,767.0341
South and Central America (EI),,2015,769.51166
South and Central America (EI),,2016,804.04144
South and Central America (EI),,2017,841.9454
South and Central America (EI),,2018,876.5962
South and Central America (EI),,2019,884.8
South and Central America (EI),,2020,893.4339
South and Central America (EI),,2021,894.53705
South and Central America (EI),,2022,999.80493
South and Central America (EI),,2023,1056.7701
South and Central America (EI),,2024,1092.7303
South and Central America (EI),,2025,1122.3939
Spain,ESP,1965,19.687
Spain,ESP,1966,27.258
Spain,ESP,1967,22.657
Spain,ESP,1968,24.388
Spain,ESP,1969,30.603
Spain,ESP,1970,27.819
Spain,ESP,1971,31.868
Spain,ESP,1972,35.530003
Spain,ESP,1973,28.968
Spain,ESP,1974,30.619001
Spain,ESP,1975,26.178001
Spain,ESP,1976,21.119
Spain,ESP,1977,39.936996
Spain,ESP,1978,40.567
Spain,ESP,1979,46.648
Spain,ESP,1980,29.911999
Spain,ESP,1981,22.366
Spain,ESP,1982,26.817999
Spain,ESP,1983,27.607
Spain,ESP,1984,32.034
Spain,ESP,1985,31.898
Spain,ESP,1986,27.032
Spain,ESP,1987,27.946
Spain,ESP,1988,35.919
Spain,ESP,1989,19.946062
Spain,ESP,1990,26.03
Spain,ESP,1991,27.81
Spain,ESP,1992,19.6
Spain,ESP,1993,25.13
Spain,ESP,1994,29.06
Spain,ESP,1995,24.38
Spain,ESP,1996,41.25
Spain,ESP,1997,36.97
Spain,ESP,1998,36.89
Spain,ESP,1999,27.21
Spain,ESP,2000,34.49
Spain,ESP,2001,49.3
Spain,ESP,2002,33.17
Spain,ESP,2003,55.75
Spain,ESP,2004,50.13
Spain,ESP,2005,42.27
Spain,ESP,2006,52.15
Spain,ESP,2007,58.3
Spain,ESP,2008,62.15
Spain,ESP,2009,74.08
Spain,ESP,2010,97.77
Spain,ESP,2011,87.53
Spain,ESP,2012,86.97
Spain,ESP,2013,111.41
Spain,ESP,2014,110.26
Spain,ESP,2015,97.08
Spain,ESP,2016,104.63
Spain,ESP,2017,87.93
Spain,ESP,2018,103.87
Spain,ESP,2019,100.99
Spain,ESP,2020,113.79
Spain,ESP,2021,125.75
Spain,ESP,2022,122.91
Spain,ESP,2023,143.78
Spain,ESP,2024,161.08
Spain,ESP,2025,160.81
Sri Lanka,LKA,1965,0.365
Sri Lanka,LKA,1966,0.399
Sri Lanka,LKA,1967,0.41
Sri Lanka,LKA,1968,0.474
Sri Lanka,LKA,1969,0.549
Sri Lanka,LKA,1970,0.7403
Sri Lanka,LKA,1971,0.8255
Sri Lanka,LKA,1972,0.8471
Sri Lanka,LKA,1973,0.6957
Sri Lanka,LKA,1974,0.9976
Sri Lanka,LKA,1975,1.0766
Sri Lanka,LKA,1976,1.1095
Sri Lanka,LKA,1977,1.2139
Sri Lanka,LKA,1978,1.3663
Sri Lanka,LKA,1979,1.4618
Sri Lanka,LKA,1980,1.4801
Sri Lanka,LKA,1981,1.5716
Sri Lanka,LKA,1982,1.6076
Sri Lanka,LKA,1983,1.2172
Sri Lanka,LKA,1984,2.0922
Sri Lanka,LKA,1985,2.3956
Sri Lanka,LKA,1986,2.6451
Sri Lanka,LKA,1987,2.177
Sri Lanka,LKA,1988,2.5967
Sri Lanka,LKA,1989,2.8012
Sri Lanka,LKA,1990,3.1448
Sri Lanka,LKA,1991,3.1166
Sri Lanka,LKA,1992,2.8999
Sri Lanka,LKA,1993,3.796
Sri Lanka,LKA,1994,4.0891
Sri Lanka,LKA,1995,4.5141
Sri Lanka,LKA,1996,3.2519
Sri Lanka,LKA,1997,3.44727
Sri Lanka,LKA,1998,3.91495
Sri Lanka,LKA,1999,4.1809936
Sri Lanka,LKA,2000,3.21
Sri Lanka,LKA,2001,3.12
Sri Lanka,LKA,2002,2.7
Sri Lanka,LKA,2003,3.32
Sri Lanka,LKA,2004,2.97
Sri Lanka,LKA,2005,3.47
Sri Lanka,LKA,2006,4.65
Sri Lanka,LKA,2007,3.97
Sri Lanka,LKA,2008,4.16
Sri Lanka,LKA,2009,3.92
Sri Lanka,LKA,2010,5.73
Sri Lanka,LKA,2011,4.76
Sri Lanka,LKA,2012,3.47
Sri Lanka,LKA,2013,7.21
Sri Lanka,LKA,2014,4.9
Sri Lanka,LKA,2015,6.44
Sri Lanka,LKA,2016,4.72
Sri Lanka,LKA,2017,4.62
Sri Lanka,LKA,2018,7.05
Sri Lanka,LKA,2019,5.63
Sri Lanka,LKA,2020,5.87
Sri Lanka,LKA,2021,8.65
Sri Lanka,LKA,2022,8.43
Sri Lanka,LKA,2023,7.96
Sri Lanka,LKA,2024,9.43
Sri Lanka,LKA,2025,10.63
Sudan,SDN,2000,1.27
Sudan,SDN,2001,1.36
Sudan,SDN,2002,1.39
Sudan,SDN,2003,1.28
Sudan,SDN,2004,1.24
Sudan,SDN,2005,1.39
Sudan,SDN,2006,1.5
Sudan,SDN,2007,1.59
Sudan,SDN,2008,1.6
Sudan,SDN,2009,3.35
Sudan,SDN,2010,6.28
Sudan,SDN,2011,6.52
Sudan,SDN,2012,6.68
Sudan,SDN,2013,8.38
Sudan,SDN,2014,8.95
Sudan,SDN,2015,8.46
Sudan,SDN,2016,8.19
Sudan,SDN,2017,9.5
Sudan,SDN,2018,9.8
Sudan,SDN,2019,10.34
Sudan,SDN,2020,11.15
Sudan,SDN,2021,11.09
Sudan,SDN,2022,12.04
Sudan,SDN,2023,11.75
Sudan,SDN,2024,11.77
Suriname,SUR,2000,0.71
Suriname,SUR,2001,0.73
Suriname,SUR,2002,0.74
Suriname,SUR,2003,0.75
Suriname,SUR,2004,0.76
Suriname,SUR,2005,0.82
Suriname,SUR,2006,0.86
Suriname,SUR,2007,0.86
Suriname,SUR,2008,0.86
Suriname,SUR,2009,0.86
Suriname,SUR,2010,1.2
Suriname,SUR,2011,1.03
Suriname,SUR,2012,0.82
Suriname,SUR,2013,0.83
Suriname,SUR,2014,0.55
Suriname,SUR,2015,0.49
Suriname,SUR,2016,0.8
Suriname,SUR,2017,0.94
Suriname,SUR,2018,1.01
Suriname,SUR,2019,0.97
Suriname,SUR,2020,0.99
Suriname,SUR,2021,1.01
Suriname,SUR,2022,0.94
Suriname,SUR,2023,0.92
Suriname,SUR,2024,0.92
Sweden,SWE,1965,46.423
Sweden,SWE,1966,45.489
Sweden,SWE,1967,49.286
Sweden,SWE,1968,48.739
Sweden,SWE,1969,41.83
Sweden,SWE,1970,41.619
Sweden,SWE,1971,52.172
Sweden,SWE,1972,53.969
Sweden,SWE,1973,60.271
Sweden,SWE,1974,57.621998
Sweden,SWE,1975,57.958
Sweden,SWE,1976,55.186
Sweden,SWE,1977,53.855
Sweden,SWE,1978,58.029
Sweden,SWE,1979,61.427002
Sweden,SWE,1980,59.589
Sweden,SWE,1981,60.674
Sweden,SWE,1982,56.068
Sweden,SWE,1983,64.993996
Sweden,SWE,1984,69.758995
Sweden,SWE,1985,72.796
Sweden,SWE,1986,62.919
Sweden,SWE,1987,73.81899
Sweden,SWE,1988,71.929
Sweden,SWE,1989,73.944
Sweden,SWE,1990,74.45
Sweden,SWE,1991,65.11
Sweden,SWE,1992,76.37
Sweden,SWE,1993,76.87
Sweden,SWE,1994,61.4
Sweden,SWE,1995,70.55
Sweden,SWE,1996,54
Sweden,SWE,1997,72.03
Sweden,SWE,1998,78.1
Sweden,SWE,1999,74.75
Sweden,SWE,2000,83.14
Sweden,SWE,2001,83.32
Sweden,SWE,2002,71.15
Sweden,SWE,2003,58.73
Sweden,SWE,2004,68.18
Sweden,SWE,2005,81.22
Sweden,SWE,2006,71.06
Sweden,SWE,2007,77.43
Sweden,SWE,2008,81.41
Sweden,SWE,2009,79.81
Sweden,SWE,2010,82.09
Sweden,SWE,2011,84.09
Sweden,SWE,2012,98.31
Sweden,SWE,2013,82.69
Sweden,SWE,2014,85.75
Sweden,SWE,2015,102.5
Sweden,SWE,2016,89.13
Sweden,SWE,2017,95.06
Sweden,SWE,2018,91.15
Sweden,SWE,2019,98.94
Sweden,SWE,2020,112.14
Sweden,SWE,2021,115.75
Sweden,SWE,2022,118.23
Sweden,SWE,2023,115.25
Sweden,SWE,2024,119.4
Sweden,SWE,2025,121.53
Switzerland,CHE,1965,24.097282
Switzerland,CHE,1966,27.518608
Switzerland,CHE,1967,29.850212
Switzerland,CHE,1968,29.515339
Switzerland,CHE,1969,28.24513
Switzerland,CHE,1970,29.172628
Switzerland,CHE,1971,29.043726
Switzerland,CHE,1972,24.234034
Switzerland,CHE,1973,26.586607
Switzerland,CHE,1974,27.850393
Switzerland,CHE,1975,32.23579
Switzerland,CHE,1976,25.849403
Switzerland,CHE,1977,34.88988
Switzerland,CHE,1978,31.658525
Switzerland,CHE,1979,29.97138
Switzerland,CHE,1980,33.620934
Switzerland,CHE,1981,35.56108
Switzerland,CHE,1982,36.361412
Switzerland,CHE,1983,35.45885
Switzerland,CHE,1984,30.262863
Switzerland,CHE,1985,32.417072
Switzerland,CHE,1986,33.36328
Switzerland,CHE,1987,35.1857
Switzerland,CHE,1988,36.30807
Switzerland,CHE,1989,30.303928
Switzerland,CHE,1990,30.236847
Switzerland,CHE,1991,32.51816
Switzerland,CHE,1992,33.191654
Switzerland,CHE,1993,36.27619
Switzerland,CHE,1994,39.627556
Switzerland,CHE,1995,35.751568
Switzerland,CHE,1996,29.36998
Switzerland,CHE,1997,34.713455
Switzerland,CHE,1998,34.175415
Switzerland,CHE,1999,40.770264
Switzerland,CHE,2000,37.68
Switzerland,CHE,2001,42.2
Switzerland,CHE,2002,36.1
Switzerland,CHE,2003,35.72
Switzerland,CHE,2004,34.76
Switzerland,CHE,2005,32.29
Switzerland,CHE,2006,32.13
Switzerland,CHE,2007,36.48
Switzerland,CHE,2008,37.33
Switzerland,CHE,2009,37.03
Switzerland,CHE,2010,37.47
Switzerland,CHE,2011,34.02
Switzerland,CHE,2012,40.53
Switzerland,CHE,2013,40.67
Switzerland,CHE,2014,40.67
Switzerland,CHE,2015,41.12
Switzerland,CHE,2016,37.81
Switzerland,CHE,2017,37.76
Switzerland,CHE,2018,38.88
Switzerland,CHE,2019,42.25
Switzerland,CHE,2020,42.61
Switzerland,CHE,2021,42.01
Switzerland,CHE,2022,35.99
Switzerland,CHE,2023,44.26
Switzerland,CHE,2024,52.86
Switzerland,CHE,2025,44.1
Syria,SYR,2000,3.26
Syria,SYR,2001,3.44
Syria,SYR,2002,2.48
Syria,SYR,2003,2.79
Syria,SYR,2004,4.21
Syria,SYR,2005,4.35
Syria,SYR,2006,3.97
Syria,SYR,2007,3.51
Syria,SYR,2008,2.9
Syria,SYR,2009,1.9
Syria,SYR,2010,2.62
Syria,SYR,2011,3.03
Syria,SYR,2012,2.99
Syria,SYR,2013,3.03
Syria,SYR,2014,2.37
Syria,SYR,2015,0.44
Syria,SYR,2016,0.96
Syria,SYR,2017,0.78
Syria,SYR,2018,0.78
Syria,SYR,2019,0.78
Syria,SYR,2020,0.8
Syria,SYR,2021,0.84
Syria,SYR,2022,0.88
Syria,SYR,2023,0.88
Syria,SYR,2024,0.88
Taiwan,TWN,1971,3.091
Taiwan,TWN,1972,3.636
Taiwan,TWN,1973,3.399
Taiwan,TWN,1974,4.705
Taiwan,TWN,1975,5.261
Taiwan,TWN,1976,4.282
Taiwan,TWN,1977,4.023
Taiwan,TWN,1978,4.966
Taiwan,TWN,1979,4.567
Taiwan,TWN,1980,2.926
Taiwan,TWN,1981,4.791
Taiwan,TWN,1982,4.789507
Taiwan,TWN,1983,4.9922953
Taiwan,TWN,1984,4.3888083
Taiwan,TWN,1985,6.0040855
Taiwan,TWN,1986,6.134454
Taiwan,TWN,1987,5.5117784
Taiwan,TWN,1988,4.67697
Taiwan,TWN,1989,5.0588975
Taiwan,TWN,1990,6.5928063
Taiwan,TWN,1991,4.0968704
Taiwan,TWN,1992,6.8176165
Taiwan,TWN,1993,4.3415475
Taiwan,TWN,1994,5.318485
Taiwan,TWN,1995,5.2232866
Taiwan,TWN,1996,5.212933
Taiwan,TWN,1997,5.7710714
Taiwan,TWN,1998,6.809058
Taiwan,TWN,1999,5.809889
Taiwan,TWN,2000,5.61
Taiwan,TWN,2001,6.42
Taiwan,TWN,2002,4.4
Taiwan,TWN,2003,4.82
Taiwan,TWN,2004,5.09
Taiwan,TWN,2005,6.01
Taiwan,TWN,2006,6.22
Taiwan,TWN,2007,6.74
Taiwan,TWN,2008,6.72
Taiwan,TWN,2009,6.3
Taiwan,TWN,2010,7.07
Taiwan,TWN,2011,7.38
Taiwan,TWN,2012,9.07
Taiwan,TWN,2013,9.23
Taiwan,TWN,2014,8.27
Taiwan,TWN,2015,8.79
Taiwan,TWN,2016,11.04
Taiwan,TWN,2017,10.7
Taiwan,TWN,2018,10.86
Taiwan,TWN,2019,13.44
Taiwan,TWN,2020,13.4
Taiwan,TWN,2021,15.72
Taiwan,TWN,2022,22.09
Taiwan,TWN,2023,25.12
Taiwan,TWN,2024,31.51
Taiwan,TWN,2025,35.3
Tajikistan,TJK,2000,14.02
Tajikistan,TJK,2001,14.21
Tajikistan,TJK,2002,15.16
Tajikistan,TJK,2003,16.34
Tajikistan,TJK,2004,16.34
Tajikistan,TJK,2005,16.97
Tajikistan,TJK,2006,16.7
Tajikistan,TJK,2007,17.11
Tajikistan,TJK,2008,15.8
Tajikistan,TJK,2009,15.9
Tajikistan,TJK,2010,16.4
Tajikistan,TJK,2011,16.2
Tajikistan,TJK,2012,16.9
Tajikistan,TJK,2013,17.07
Tajikistan,TJK,2014,16
Tajikistan,TJK,2015,17
Tajikistan,TJK,2016,16.63
Tajikistan,TJK,2017,17.13
Tajikistan,TJK,2018,18.39
Tajikistan,TJK,2019,19.17
Tajikistan,TJK,2020,18.11
Tajikistan,TJK,2021,18.66
Tajikistan,TJK,2022,19.92
Tajikistan,TJK,2023,20
Tajikistan,TJK,2024,21
Tajikistan,TJK,2025,23.28
Tanzania,TZA,2000,2.16
Tanzania,TZA,2001,2.68
Tanzania,TZA,2002,2.76
Tanzania,TZA,2003,2.6
Tanzania,TZA,2004,2.06
Tanzania,TZA,2005,1.83
Tanzania,TZA,2006,1.5
Tanzania,TZA,2007,2.58
Tanzania,TZA,2008,2.71
Tanzania,TZA,2009,2.7
Tanzania,TZA,2010,2.78
Tanzania,TZA,2011,2.07
Tanzania,TZA,2012,1.84
Tanzania,TZA,2013,1.8
Tanzania,TZA,2014,2.67
Tanzania,TZA,2015,2.19
Tanzania,TZA,2016,2.47
Tanzania,TZA,2017,2.46
Tanzania,TZA,2018,2.32
Tanzania,TZA,2019,2.58
Tanzania,TZA,2020,3.24
Tanzania,TZA,2021,3.19
Tanzania,TZA,2022,2.92
Tanzania,TZA,2023,2.8
Tanzania,TZA,2024,2.91
Thailand,THA,1971,2.048
Thailand,THA,1972,1.728
Thailand,THA,1973,1.88
Thailand,THA,1974,2.458
Thailand,THA,1975,3.399
Thailand,THA,1976,3.637
Thailand,THA,1977,3.265
Thailand,THA,1978,2.11
Thailand,THA,1979,3.263
Thailand,THA,1980,1.273
Thailand,THA,1981,2.974
Thailand,THA,1982,3.836
Thailand,THA,1983,3.66
Thailand,THA,1984,4.081
Thailand,THA,1985,3.691
Thailand,THA,1986,5.5317
Thailand,THA,1987,4.06115
Thailand,THA,1988,3.74836
Thailand,THA,1989,5.53378
Thailand,THA,1990,4.925119
Thailand,THA,1991,4.535017
Thailand,THA,1992,4.179801
Thailand,THA,1993,3.6419299
Thailand,THA,1994,4.4543657
Thailand,THA,1995,6.7357597
Thailand,THA,1996,7.422123
Thailand,THA,1997,7.3555
Thailand,THA,1998,5.398333
Thailand,THA,1999,3.8571012
Thailand,THA,2000,6.42
Thailand,THA,2001,6.79
Thailand,THA,2002,8.12
Thailand,THA,2003,8.44
Thailand,THA,2004,7.74
Thailand,THA,2005,7.53
Thailand,THA,2006,9.98
Thailand,THA,2007,10.42
Thailand,THA,2008,9.13
Thailand,THA,2009,9.26
Thailand,THA,2010,8.77
Thailand,THA,2011,12
Thailand,THA,2012,13.65
Thailand,THA,2013,12.65
Thailand,THA,2014,14.21
Thailand,THA,2015,13.81
Thailand,THA,2016,16.07
Thailand,THA,2017,19.63
Thailand,THA,2018,25.52
Thailand,THA,2019,27.72
Thailand,THA,2020,25.08
Thailand,THA,2021,26.47
Thailand,THA,2022,28.48
Thailand,THA,2023,29.76
Thailand,THA,2024,29.61
Thailand,THA,2025,31.2
Togo,TGO,2000,0.1
Togo,TGO,2001,0.05
Togo,TGO,2002,0.09
Togo,TGO,2003,0.12
Togo,TGO,2004,0.08
Togo,TGO,2005,0.07
Togo,TGO,2006,0.09
Togo,TGO,2007,0.1
Togo,TGO,2008,0.09
Togo,TGO,2009,0.11
Togo,TGO,2010,0.09
Togo,TGO,2011,0.1
Togo,TGO,2012,0.09
Togo,TGO,2013,0.04
Togo,TGO,2014,0.12
Togo,TGO,2015,0.06
Togo,TGO,2016,0.2
Togo,TGO,2017,0.21
Togo,TGO,2018,0.21
Togo,TGO,2019,0.13
Togo,TGO,2020,0.09
Togo,TGO,2021,0.16
Togo,TGO,2022,0.18
Togo,TGO,2023,0.19
Togo,TGO,2024,0.21
Tonga,TON,2000,0
Tonga,TON,2001,0
Tonga,TON,2002,0
Tonga,TON,2003,0
Tonga,TON,2004,0
Tonga,TON,2005,0
Tonga,TON,2006,0
Tonga,TON,2007,0
Tonga,TON,2008,0
Tonga,TON,2009,0
Tonga,TON,2010,0
Tonga,TON,2011,0
Tonga,TON,2012,0
Tonga,TON,2013,0
Tonga,TON,2014,0
Tonga,TON,2015,0
Tonga,TON,2016,0
Tonga,TON,2017,0.01
Tonga,TON,2018,0.01
Tonga,TON,2019,0.01
Tonga,TON,2020,0.01
Tonga,TON,2021,0.01
Tonga,TON,2022,0.01
Tonga,TON,2023,0.01
Tonga,TON,2024,0.01
Trinidad and Tobago,TTO,2000,0.02
Trinidad and Tobago,TTO,2001,0.03
Trinidad and Tobago,TTO,2002,0.03
Trinidad and Tobago,TTO,2003,0.01
Trinidad and Tobago,TTO,2004,0.02
Trinidad and Tobago,TTO,2005,0.02
Trinidad and Tobago,TTO,2006,0.03
Trinidad and Tobago,TTO,2007,0.02
Trinidad and Tobago,TTO,2008,0.02
Trinidad and Tobago,TTO,2009,0.02
Trinidad and Tobago,TTO,2010,0
Trinidad and Tobago,TTO,2011,0
Trinidad and Tobago,TTO,2012,0
Trinidad and Tobago,TTO,2013,0
Trinidad and Tobago,TTO,2014,0
Trinidad and Tobago,TTO,2015,0.01
Trinidad and Tobago,TTO,2016,0.01
Trinidad and Tobago,TTO,2017,0.01
Trinidad and Tobago,TTO,2018,0.01
Trinidad and Tobago,TTO,2019,0.01
Trinidad and Tobago,TTO,2020,0.01
Trinidad and Tobago,TTO,2021,0.01
Trinidad and Tobago,TTO,2022,0.01
Trinidad and Tobago,TTO,2023,0.01
Trinidad and Tobago,TTO,2024,0.01
Tunisia,TUN,2000,0.08
Tunisia,TUN,2001,0.07
Tunisia,TUN,2002,0.09
Tunisia,TUN,2003,0.19
Tunisia,TUN,2004,0.19
Tunisia,TUN,2005,0.18
Tunisia,TUN,2006,0.13
Tunisia,TUN,2007,0.09
Tunisia,TUN,2008,0.07
Tunisia,TUN,2009,0.18
Tunisia,TUN,2010,0.19
Tunisia,TUN,2011,0.16
Tunisia,TUN,2012,0.31
Tunisia,TUN,2013,0.43
Tunisia,TUN,2014,0.59
Tunisia,TUN,2015,0.58
Tunisia,TUN,2016,0.63
Tunisia,TUN,2017,0.6
Tunisia,TUN,2018,0.55
Tunisia,TUN,2019,0.69
Tunisia,TUN,2020,0.67
Tunisia,TUN,2021,0.68
Tunisia,TUN,2022,0.65
Tunisia,TUN,2023,0.84
Tunisia,TUN,2024,0.94
Tunisia,TUN,2025,0.9
Turkey,TUR,1965,2.2789998
Turkey,TUR,1966,2.4601
Turkey,TUR,1967,2.5548
Turkey,TUR,1968,3.3537998
Turkey,TUR,1969,3.6229
Turkey,TUR,1970,3.1987998
Turkey,TUR,1971,2.7721999
Turkey,TUR,1972,3.3792
Turkey,TUR,1973,2.8004
Turkey,TUR,1974,3.5628
Turkey,TUR,1975,6.1236
Turkey,TUR,1976,8.5358
Turkey,TUR,1977,8.7903
Turkey,TUR,1978,9.4718
Turkey,TUR,1979,10.433901
Turkey,TUR,1980,11.4842
Turkey,TUR,1981,12.7261
Turkey,TUR,1982,14.1667
Turkey,TUR,1983,11.3427
Turkey,TUR,1984,13.4484005
Turkey,TUR,1985,12.0508995
Turkey,TUR,1986,11.9162
Turkey,TUR,1987,18.6757
Turkey,TUR,1988,29.018
Turkey,TUR,1989,18.0022
Turkey,TUR,1990,23.23
Turkey,TUR,1991,22.8
Turkey,TUR,1992,26.69
Turkey,TUR,1993,34.09
Turkey,TUR,1994,30.72
Turkey,TUR,1995,35.85
Turkey,TUR,1996,40.73
Turkey,TUR,1997,40.19
Turkey,TUR,1998,42.56
Turkey,TUR,1999,34.91
Turkey,TUR,2000,31.16
Turkey,TUR,2001,24.34
Turkey,TUR,2002,33.96
Turkey,TUR,2003,35.56
Turkey,TUR,2004,46.31
Turkey,TUR,2005,39.74
Turkey,TUR,2006,44.52
Turkey,TUR,2007,36.46
Turkey,TUR,2008,34.42
Turkey,TUR,2009,38.15
Turkey,TUR,2010,55.72
Turkey,TUR,2011,58.09
Turkey,TUR,2012,65.21
Turkey,TUR,2013,69.22
Turkey,TUR,2014,52.62
Turkey,TUR,2015,83.65
Turkey,TUR,2016,90.24
Turkey,TUR,2017,87.24
Turkey,TUR,2018,96.82
Turkey,TUR,2019,131.47
Turkey,TUR,2020,127.33
Turkey,TUR,2021,116.07
Turkey,TUR,2022,134.35
Turkey,TUR,2023,134.34
Turkey,TUR,2024,155.65
Turkey,TUR,2025,153.07
Turkmenistan,TKM,1990,0.003
Turkmenistan,TKM,1991,0.003
Turkmenistan,TKM,1992,0.0042
Turkmenistan,TKM,1993,0.005
Turkmenistan,TKM,1994,0.004
Turkmenistan,TKM,1995,0.004
Turkmenistan,TKM,1996,0.005
Turkmenistan,TKM,1997,0.005
Turkmenistan,TKM,1998,0.006
Turkmenistan,TKM,1999,0.005
Turkmenistan,TKM,2000,0
Turkmenistan,TKM,2001,0
Turkmenistan,TKM,2002,0
Turkmenistan,TKM,2003,0
Turkmenistan,TKM,2004,0
Turkmenistan,TKM,2005,0
Turkmenistan,TKM,2006,0
Turkmenistan,TKM,2007,0
Turkmenistan,TKM,2008,0
Turkmenistan,TKM,2009,0
Turkmenistan,TKM,2010,0
Turkmenistan,TKM,2011,0
Turkmenistan,TKM,2012,0
Turkmenistan,TKM,2013,0
Turkmenistan,TKM,2014,0
Turkmenistan,TKM,2015,0
Turkmenistan,TKM,2016,0
Turkmenistan,TKM,2017,0
Turkmenistan,TKM,2018,0
Turkmenistan,TKM,2019,0
Turkmenistan,TKM,2020,0
Turkmenistan,TKM,2021,0.01
Turkmenistan,TKM,2022,0.01
Turkmenistan,TKM,2023,0.01
Turkmenistan,TKM,2024,0.01
Turks and Caicos Islands,TCA,2000,0
Turks and Caicos Islands,TCA,2001,0
Turks and Caicos Islands,TCA,2002,0
Turks and Caicos Islands,TCA,2003,0
Turks and Caicos Islands,TCA,2004,0
Turks and Caicos Islands,TCA,2005,0
Turks and Caicos Islands,TCA,2006,0
Turks and Caicos Islands,TCA,2007,0
Turks and Caicos Islands,TCA,2008,0
Turks and Caicos Islands,TCA,2009,0
Turks and Caicos Islands,TCA,2010,0
Turks and Caicos Islands,TCA,2011,0
Turks and Caicos Islands,TCA,2012,0
Turks and Caicos Islands,TCA,2013,0
Turks and Caicos Islands,TCA,2014,0
Turks and Caicos Islands,TCA,2015,0
Turks and Caicos Islands,TCA,2016,0
Turks and Caicos Islands,TCA,2017,0
Turks and Caicos Islands,TCA,2018,0
Turks and Caicos Islands,TCA,2019,0
Turks and Caicos Islands,TCA,2020,0
Turks and Caicos Islands,TCA,2021,0
Turks and Caicos Islands,TCA,2022,0
Turks and Caicos Islands,TCA,2023,0
Turks and Caicos Islands,TCA,2024,0.01
USSR,OWID_USS,1965,81.434
Uganda,UGA,2000,1.58
Uganda,UGA,2001,1.58
Uganda,UGA,2002,1.71
Uganda,UGA,2003,1.79
Uganda,UGA,2004,1.94
Uganda,UGA,2005,1.89
Uganda,UGA,2006,1.22
Uganda,UGA,2007,1.46
Uganda,UGA,2008,1.73
Uganda,UGA,2009,1.54
Uganda,UGA,2010,1.63
Uganda,UGA,2011,1.63
Uganda,UGA,2012,2.61
Uganda,UGA,2013,3.07
Uganda,UGA,2014,3.14
Uganda,UGA,2015,3.47
Uganda,UGA,2016,3.7
Uganda,UGA,2017,3.71
Uganda,UGA,2018,3.99
Uganda,UGA,2019,4.44
Uganda,UGA,2020,4.48
Uganda,UGA,2021,5.14
Uganda,UGA,2022,5.6
Uganda,UGA,2023,5.6
Uganda,UGA,2024,5.64
Ukraine,UKR,1990,10.51
Ukraine,UKR,1991,11.71
Ukraine,UKR,1992,7.88
Ukraine,UKR,1993,11.04
Ukraine,UKR,1994,12.12
Ukraine,UKR,1995,9.95
Ukraine,UKR,1996,8.63
Ukraine,UKR,1997,9.86
Ukraine,UKR,1998,15.74
Ukraine,UKR,1999,14.32
Ukraine,UKR,2000,11.28
Ukraine,UKR,2001,12.05
Ukraine,UKR,2002,9.65
Ukraine,UKR,2003,9.27
Ukraine,UKR,2004,11.78
Ukraine,UKR,2005,12.4
Ukraine,UKR,2006,12.93
Ukraine,UKR,2007,10.47
Ukraine,UKR,2008,11.82
Ukraine,UKR,2009,12.12
Ukraine,UKR,2010,13.39
Ukraine,UKR,2011,11.19
Ukraine,UKR,2012,11.23
Ukraine,UKR,2013,15.11
Ukraine,UKR,2014,10.17
Ukraine,UKR,2015,7.1
Ukraine,UKR,2016,9.26
Ukraine,UKR,2017,10.86
Ukraine,UKR,2018,13.03
Ukraine,UKR,2019,11.87
Ukraine,UKR,2020,16.95
Ukraine,UKR,2021,21.67
Ukraine,UKR,2022,18.3
United Arab Emirates,ARE,1971,0
United Arab Emirates,ARE,1972,0
United Arab Emirates,ARE,1973,0
United Arab Emirates,ARE,1974,0
United Arab Emirates,ARE,1975,0
United Arab Emirates,ARE,1976,0
United Arab Emirates,ARE,1977,0
United Arab Emirates,ARE,1978,0
United Arab Emirates,ARE,1979,0
United Arab Emirates,ARE,1980,0
United Arab Emirates,ARE,1981,0
United Arab Emirates,ARE,1982,0
United Arab Emirates,ARE,1983,0
United Arab Emirates,ARE,1984,0
United Arab Emirates,ARE,1985,0
United Arab Emirates,ARE,1986,0
United Arab Emirates,ARE,1987,0
United Arab Emirates,ARE,1988,0
United Arab Emirates,ARE,1989,0
United Arab Emirates,ARE,1990,0
United Arab Emirates,ARE,1991,0
United Arab Emirates,ARE,1992,0
United Arab Emirates,ARE,1993,0
United Arab Emirates,ARE,1994,0
United Arab Emirates,ARE,1995,0
United Arab Emirates,ARE,1996,0
United Arab Emirates,ARE,1997,0
United Arab Emirates,ARE,1998,0
United Arab Emirates,ARE,1999,0
United Arab Emirates,ARE,2000,0
United Arab Emirates,ARE,2001,0
United Arab Emirates,ARE,2002,0
United Arab Emirates,ARE,2003,0
United Arab Emirates,ARE,2004,0
United Arab Emirates,ARE,2005,0
United Arab Emirates,ARE,2006,0
United Arab Emirates,ARE,2007,0
United Arab Emirates,ARE,2008,0
United Arab Emirates,ARE,2009,0.01
United Arab Emirates,ARE,2010,0.02
United Arab Emirates,ARE,2011,0.02
United Arab Emirates,ARE,2012,0.02
United Arab Emirates,ARE,2013,0.09
United Arab Emirates,ARE,2014,0.31
United Arab Emirates,ARE,2015,0.3
United Arab Emirates,ARE,2016,0.32
United Arab Emirates,ARE,2017,0.75
United Arab Emirates,ARE,2018,1.2
United Arab Emirates,ARE,2019,3.66
United Arab Emirates,ARE,2020,5.18
United Arab Emirates,ARE,2021,6.25
United Arab Emirates,ARE,2022,7.75
United Arab Emirates,ARE,2023,14.67
United Arab Emirates,ARE,2024,15.62
United Kingdom,GBR,1920,0.0100844
United Kingdom,GBR,1921,0.0100844
United Kingdom,GBR,1922,0.0131097
United Kingdom,GBR,1923,0.0151265
United Kingdom,GBR,1924,0.0151265
United Kingdom,GBR,1925,0.0151265
United Kingdom,GBR,1926,0.0312615
United Kingdom,GBR,1927,0.108911
United Kingdom,GBR,1928,0.1371472
United Kingdom,GBR,1929,0.3226992
United Kingdom,GBR,1930,0.419509
United Kingdom,GBR,1931,0.356986
United Kingdom,GBR,1932,0.3327836
United Kingdom,GBR,1933,0.4679139
United Kingdom,GBR,1934,0.6302719
United Kingdom,GBR,1935,0.6736346
United Kingdom,GBR,1936,0.7613684
United Kingdom,GBR,1937,0.9963338
United Kingdom,GBR,1938,0.9902832
United Kingdom,GBR,1939,0.806748
United Kingdom,GBR,1940,0.83800954
United Kingdom,GBR,1941,1.1062531
United Kingdom,GBR,1942,1.3402102
United Kingdom,GBR,1943,1.1859195
United Kingdom,GBR,1944,1.1536497
United Kingdom,GBR,1945,1.1486075
United Kingdom,GBR,1946,1.1375146
United Kingdom,GBR,1947,0.88843125
United Kingdom,GBR,1948,0.7250648
United Kingdom,GBR,1949,1.0437304
United Kingdom,GBR,1950,1.6966076
United Kingdom,GBR,1951,1.8296703
United Kingdom,GBR,1952,1.9028053
United Kingdom,GBR,1953,2.398812
United Kingdom,GBR,1954,1.7036328
United Kingdom,GBR,1955,2.2820275
United Kingdom,GBR,1956,2.762646
United Kingdom,GBR,1957,2.7167304
United Kingdom,GBR,1958,2.7162788
United Kingdom,GBR,1959,3.1413324
United Kingdom,GBR,1960,3.865874
United Kingdom,GBR,1961,3.9373295
United Kingdom,GBR,1962,3.6708028
United Kingdom,GBR,1963,4.0337296
United Kingdom,GBR,1964,4.6420484
United Kingdom,GBR,1965,4.612
United Kingdom,GBR,1966,4.536
United Kingdom,GBR,1967,4.885
United Kingdom,GBR,1968,3.722
United Kingdom,GBR,1969,3.256
United Kingdom,GBR,1970,4.536
United Kingdom,GBR,1971,3.373
United Kingdom,GBR,1972,3.373
United Kingdom,GBR,1973,3.838
United Kingdom,GBR,1974,4.071
United Kingdom,GBR,1975,3.838
United Kingdom,GBR,1976,4.536
United Kingdom,GBR,1977,3.954
United Kingdom,GBR,1978,4.071
United Kingdom,GBR,1979,4.303
United Kingdom,GBR,1980,3.954
United Kingdom,GBR,1981,4.419
United Kingdom,GBR,1982,4.536
United Kingdom,GBR,1983,4.536
United Kingdom,GBR,1984,4.5370097
United Kingdom,GBR,1985,3.9552102
United Kingdom,GBR,1986,4.76931
United Kingdom,GBR,1987,4.1868
United Kingdom,GBR,1988,4.88561
United Kingdom,GBR,1989,4.7773
United Kingdom,GBR,1990,5.73
United Kingdom,GBR,1991,5.24
United Kingdom,GBR,1992,6.31
United Kingdom,GBR,1993,5.72
United Kingdom,GBR,1994,6.98
United Kingdom,GBR,1995,6.68
United Kingdom,GBR,1996,5.69
United Kingdom,GBR,1997,7.18
United Kingdom,GBR,1998,8.65
United Kingdom,GBR,1999,9.62
United Kingdom,GBR,2000,9.91
United Kingdom,GBR,2001,9.54
United Kingdom,GBR,2002,11.12
United Kingdom,GBR,2003,10.69
United Kingdom,GBR,2004,14.14
United Kingdom,GBR,2005,16.93
United Kingdom,GBR,2006,18.1
United Kingdom,GBR,2007,19.68
United Kingdom,GBR,2008,21.94
United Kingdom,GBR,2009,25.24
United Kingdom,GBR,2010,26.18
United Kingdom,GBR,2011,35.2
United Kingdom,GBR,2012,41.24
United Kingdom,GBR,2013,53.21
United Kingdom,GBR,2014,64.51
United Kingdom,GBR,2015,83.36
United Kingdom,GBR,2016,83.01
United Kingdom,GBR,2017,98.89
United Kingdom,GBR,2018,110.14
United Kingdom,GBR,2019,119.74
United Kingdom,GBR,2020,133.63
United Kingdom,GBR,2021,122.49
United Kingdom,GBR,2022,135.06
United Kingdom,GBR,2023,135.67
United Kingdom,GBR,2024,143.92
United Kingdom,GBR,2025,151.92
United States,USA,1983,368.48795
United States,USA,1984,363.19443
United States,USA,1985,323.59183
United States,USA,1986,335.69504
United States,USA,1987,298.0898
United States,USA,1988,270.78876
United States,USA,1989,325.96497
United States,USA,1990,352.9278
United States,USA,1991,351.3368
United States,USA,1992,319.56662
United States,USA,1993,349.687
United States,USA,1994,329.67996
United States,USA,1995,378.1956
United States,USA,1996,416.1835
United States,USA,1997,425.64716
United States,USA,1998,391.28732
United States,USA,1999,388.13458
United States,USA,2000,350.93
United States,USA,2001,280.06
United States,USA,2002,336.34
United States,USA,2003,349.18
United States,USA,2004,345.14
United States,USA,2005,353.04
United States,USA,2006,381.16
United States,USA,2007,347.91
United States,USA,2008,377.11
United States,USA,2009,415.56
United States,USA,2010,424.48
United States,USA,2011,509.74
United States,USA,2012,492.32
United States,USA,2013,520.38
United States,USA,2014,546.83
United States,USA,2015,556.49
United States,USA,2016,624.91
United States,USA,2017,707.19
United States,USA,2018,733.17
United States,USA,2019,760.76
United States,USA,2020,821.4
United States,USA,2021,861.58
United States,USA,2022,958.14
United States,USA,2023,964.74
United States,USA,2024,1056.63
United States,USA,2025,1158.8
United States Virgin Islands,VIR,2000,0
United States Virgin Islands,VIR,2001,0
United States Virgin Islands,VIR,2002,0
United States Virgin Islands,VIR,2003,0
United States Virgin Islands,VIR,2004,0
United States Virgin Islands,VIR,2005,0
United States Virgin Islands,VIR,2006,0
United States Virgin Islands,VIR,2007,0
United States Virgin Islands,VIR,2008,0
United States Virgin Islands,VIR,2009,0
United States Virgin Islands,VIR,2010,0
United States Virgin Islands,VIR,2011,0
United States Virgin Islands,VIR,2012,0
United States Virgin Islands,VIR,2013,0
United States Virgin Islands,VIR,2014,0.01
United States Virgin Islands,VIR,2015,0.01
United States Virgin Islands,VIR,2016,0.01
United States Virgin Islands,VIR,2017,0.01
United States Virgin Islands,VIR,2018,0.01
United States Virgin Islands,VIR,2019,0.01
United States Virgin Islands,VIR,2020,0.01
United States Virgin Islands,VIR,2021,0.02
United States Virgin Islands,VIR,2022,0.02
United States Virgin Islands,VIR,2023,0.02
Upper-middle-income countries,OWID_UMC,1965,155.56613
Upper-middle-income countries,OWID_UMC,1966,171.85248
Upper-middle-income countries,OWID_UMC,1967,169.66594
Upper-middle-income countries,OWID_UMC,1968,194.6025
Upper-middle-income countries,OWID_UMC,1969,210.24007
Upper-middle-income countries,OWID_UMC,1970,232.40883
Upper-middle-income countries,OWID_UMC,1971,240.48463
Upper-middle-income countries,OWID_UMC,1972,252.57878
Upper-middle-income countries,OWID_UMC,1973,266.40555
Upper-middle-income countries,OWID_UMC,1974,294.68375
Upper-middle-income countries,OWID_UMC,1975,301.51508
Upper-middle-income countries,OWID_UMC,1976,328.89062
Upper-middle-income countries,OWID_UMC,1977,356.0893
Upper-middle-income countries,OWID_UMC,1978,388.90598
Upper-middle-income countries,OWID_UMC,1979,419.7951
Upper-middle-income countries,OWID_UMC,1980,460.06757
Upper-middle-income countries,OWID_UMC,1981,486.5425
Upper-middle-income countries,OWID_UMC,1982,499.4626
Upper-middle-income countries,OWID_UMC,1983,525.3263
Upper-middle-income countries,OWID_UMC,1984,578.785
Upper-middle-income countries,OWID_UMC,1985,418.89117
Upper-middle-income countries,OWID_UMC,1986,429.28522
Upper-middle-income countries,OWID_UMC,1987,448.68665
Upper-middle-income countries,OWID_UMC,1988,486.87015
Upper-middle-income countries,OWID_UMC,1989,496.88278
Upper-middle-income countries,OWID_UMC,1990,521.69293
Upper-middle-income countries,OWID_UMC,1991,527.8507
Upper-middle-income countries,OWID_UMC,1992,547.98944
Upper-middle-income countries,OWID_UMC,1993,609.0703
Upper-middle-income countries,OWID_UMC,1994,637.1733
Upper-middle-income countries,OWID_UMC,1995,688.6718
Upper-middle-income countries,OWID_UMC,1996,706.4416
Upper-middle-income countries,OWID_UMC,1997,720.0905
Upper-middle-income countries,OWID_UMC,1998,745.67535
Upper-middle-income countries,OWID_UMC,1999,747.7449
Upper-middle-income countries,OWID_UMC,2000,882.72003
Upper-middle-income countries,OWID_UMC,2001,895.03
Upper-middle-income countries,OWID_UMC,2002,940.33
Upper-middle-income countries,OWID_UMC,2003,961.55
Upper-middle-income countries,OWID_UMC,2004,1072.92
Upper-middle-income countries,OWID_UMC,2005,1151.09
Upper-middle-income countries,OWID_UMC,2006,1236.08
Upper-middle-income countries,OWID_UMC,2007,1301.75
Upper-middle-income countries,OWID_UMC,2008,1476.56
Upper-middle-income countries,OWID_UMC,2009,1494.54
Upper-middle-income countries,OWID_UMC,2010,1692.63
Upper-middle-income countries,OWID_UMC,2011,1738.18
Upper-middle-income countries,OWID_UMC,2012,1959.26
Upper-middle-income countries,OWID_UMC,2013,2072.02
Upper-middle-income countries,OWID_UMC,2014,2247.72
Upper-middle-income countries,OWID_UMC,2015,2375.73
Upper-middle-income countries,OWID_UMC,2016,2594.3
Upper-middle-income countries,OWID_UMC,2017,2796.58
Upper-middle-income countries,OWID_UMC,2018,3028.1301
Upper-middle-income countries,OWID_UMC,2019,3264.67
Upper-middle-income countries,OWID_UMC,2020,3459.03
Upper-middle-income countries,OWID_UMC,2021,3769.71
Upper-middle-income countries,OWID_UMC,2022,4134.4497
Upper-middle-income countries,OWID_UMC,2023,4389.62
Upper-middle-income countries,OWID_UMC,2024,4947.88
Uruguay,URY,2000,7.09
Uruguay,URY,2001,9.23
Uruguay,URY,2002,9.57
Uruguay,URY,2003,8.57
Uruguay,URY,2004,4.82
Uruguay,URY,2005,6.72
Uruguay,URY,2006,3.6
Uruguay,URY,2007,8.16
Uruguay,URY,2008,5.37
Uruguay,URY,2009,5.91
Uruguay,URY,2010,9.58
Uruguay,URY,2011,7.72
Uruguay,URY,2012,6.85
Uruguay,URY,2013,9.81
Uruguay,URY,2014,12.3
Uruguay,URY,2015,12.8
Uruguay,URY,2016,13.43
Uruguay,URY,2017,14.13
Uruguay,URY,2018,14.25
Uruguay,URY,2019,15.79
Uruguay,URY,2020,12.76
Uruguay,URY,2021,13.53
Uruguay,URY,2022,13.49
Uruguay,URY,2023,11.85
Uruguay,URY,2024,13.22
Uruguay,URY,2025,11.68
Uzbekistan,UZB,1990,6.648
Uzbekistan,UZB,1991,6.031
Uzbekistan,UZB,1992,6.281
Uzbekistan,UZB,1993,7.358
Uzbekistan,UZB,1994,7.156
Uzbekistan,UZB,1995,6.188
Uzbekistan,UZB,1996,6.525
Uzbekistan,UZB,1997,5.777
Uzbekistan,UZB,1998,5.758
Uzbekistan,UZB,1999,5.692
Uzbekistan,UZB,2000,3.53
Uzbekistan,UZB,2001,4.36
Uzbekistan,UZB,2002,6.02
Uzbekistan,UZB,2003,8.17
Uzbekistan,UZB,2004,6.1
Uzbekistan,UZB,2005,8.93
Uzbekistan,UZB,2006,4.65
Uzbekistan,UZB,2007,4.67
Uzbekistan,UZB,2008,4.49
Uzbekistan,UZB,2009,6.48
Uzbekistan,UZB,2010,8.19
Uzbekistan,UZB,2011,5.7
Uzbekistan,UZB,2012,6.65
Uzbekistan,UZB,2013,5.7
Uzbekistan,UZB,2014,6.07
Uzbekistan,UZB,2015,6.82
Uzbekistan,UZB,2016,6.86
Uzbekistan,UZB,2017,7.94
Uzbekistan,UZB,2018,5.91
Uzbekistan,UZB,2019,6.47
Uzbekistan,UZB,2020,5.01
Uzbekistan,UZB,2021,5.02
Uzbekistan,UZB,2022,6.92
Uzbekistan,UZB,2023,7.6
Uzbekistan,UZB,2024,13
Uzbekistan,UZB,2025,16.8
Vanuatu,VUT,2000,0
Vanuatu,VUT,2001,0
Vanuatu,VUT,2002,0
Vanuatu,VUT,2003,0
Vanuatu,VUT,2004,0
Vanuatu,VUT,2005,0
Vanuatu,VUT,2006,0
Vanuatu,VUT,2007,0
Vanuatu,VUT,2008,0
Vanuatu,VUT,2009,0
Vanuatu,VUT,2010,0
Vanuatu,VUT,2011,0
Vanuatu,VUT,2012,0
Vanuatu,VUT,2013,0.01
Vanuatu,VUT,2014,0.01
Vanuatu,VUT,2015,0.01
Vanuatu,VUT,2016,0.01
Vanuatu,VUT,2017,0
Vanuatu,VUT,2018,0.02
Vanuatu,VUT,2019,0.03
Vanuatu,VUT,2020,0.03
Vanuatu,VUT,2021,0.02
Vanuatu,VUT,2022,0.02
Vanuatu,VUT,2023,0.02
Venezuela,VEN,1971,5.39
Venezuela,VEN,1972,6.02
Venezuela,VEN,1973,6.225
Venezuela,VEN,1974,7.707
Venezuela,VEN,1975,8.931
Venezuela,VEN,1976,10.578
Venezuela,VEN,1977,12.163
Venezuela,VEN,1978,12.232
Venezuela,VEN,1979,14.24
Venezuela,VEN,1980,14.587
Venezuela,VEN,1981,15.088
Venezuela,VEN,1982,15.814
Venezuela,VEN,1983,18.063
Venezuela,VEN,1984,20.243
Venezuela,VEN,1985,22.648
Venezuela,VEN,1986,25.159
Venezuela,VEN,1987,30.843
Venezuela,VEN,1988,34.203
Venezuela,VEN,1989,34.666
Venezuela,VEN,1990,36.983
Venezuela,VEN,1991,44.542
Venezuela,VEN,1992,47.271
Venezuela,VEN,1993,47.478
Venezuela,VEN,1994,51.284
Venezuela,VEN,1995,51.45
Venezuela,VEN,1996,53.847
Venezuela,VEN,1997,57.268
Venezuela,VEN,1998,57.923
Venezuela,VEN,1999,60.6
Venezuela,VEN,2000,62.89
Venezuela,VEN,2001,60.44
Venezuela,VEN,2002,59.53
Venezuela,VEN,2003,60.53
Venezuela,VEN,2004,70.07
Venezuela,VEN,2005,77.23
Venezuela,VEN,2006,81.6
Venezuela,VEN,2007,83.06
Venezuela,VEN,2008,86.84
Venezuela,VEN,2009,85.96
Venezuela,VEN,2010,76.78
Venezuela,VEN,2011,83.67
Venezuela,VEN,2012,82.06
Venezuela,VEN,2013,83.63
Venezuela,VEN,2014,64.38
Venezuela,VEN,2015,75
Venezuela,VEN,2016,63.06
Venezuela,VEN,2017,60.61
Venezuela,VEN,2018,58.2
Venezuela,VEN,2019,49.71
Venezuela,VEN,2020,62.54
Venezuela,VEN,2021,65.71
Venezuela,VEN,2022,64.54
Venezuela,VEN,2023,65.01
Venezuela,VEN,2024,73.03
Vietnam,VNM,1971,0.614
Vietnam,VNM,1972,0.422
Vietnam,VNM,1973,0.42
Vietnam,VNM,1974,0.42
Vietnam,VNM,1975,0.5
Vietnam,VNM,1976,0.557
Vietnam,VNM,1977,0.6
Vietnam,VNM,1978,0.8
Vietnam,VNM,1979,1
Vietnam,VNM,1980,1.488
Vietnam,VNM,1981,1.507
Vietnam,VNM,1982,1.56
Vietnam,VNM,1983,1.223
Vietnam,VNM,1984,1.599
Vietnam,VNM,1985,1.477
Vietnam,VNM,1986,1.407
Vietnam,VNM,1987,1.384
Vietnam,VNM,1988,1.791
Vietnam,VNM,1989,3.838
Vietnam,VNM,1990,5.369
Vietnam,VNM,1991,6.317
Vietnam,VNM,1992,7.228
Vietnam,VNM,1993,7.965
Vietnam,VNM,1994,9.243
Vietnam,VNM,1995,10.582
Vietnam,VNM,1996,12.008
Vietnam,VNM,1997,11.657
Vietnam,VNM,1998,11.095
Vietnam,VNM,1999,13.774
Vietnam,VNM,2000,14.55
Vietnam,VNM,2001,18.21
Vietnam,VNM,2002,18.2
Vietnam,VNM,2003,18.99
Vietnam,VNM,2004,17.82
Vietnam,VNM,2005,16.58
Vietnam,VNM,2006,19.77
Vietnam,VNM,2007,22.52
Vietnam,VNM,2008,26.03
Vietnam,VNM,2009,30.05
Vietnam,VNM,2010,28.62
Vietnam,VNM,2011,41.19
Vietnam,VNM,2012,53.42
Vietnam,VNM,2013,57.96
Vietnam,VNM,2014,62.3
Vietnam,VNM,2015,56.32
Vietnam,VNM,2016,64.27
Vietnam,VNM,2017,86.51
Vietnam,VNM,2018,84.08
Vietnam,VNM,2019,72.01
Vietnam,VNM,2020,84.95
Vietnam,VNM,2021,108.48
Vietnam,VNM,2022,131.13
Vietnam,VNM,2023,118.77
Vietnam,VNM,2024,128.36
Vietnam,VNM,2025,140.79
Western Sahara,ESH,2000,0
Western Sahara,ESH,2001,0
Western Sahara,ESH,2002,0
Western Sahara,ESH,2003,0
Western Sahara,ESH,2004,0
Western Sahara,ESH,2005,0
Western Sahara,ESH,2006,0
Western Sahara,ESH,2007,0
Western Sahara,ESH,2008,0
Western Sahara,ESH,2009,0
World,OWID_WRL,1900,2.621363
World,OWID_WRL,1901,3.3174567
World,OWID_WRL,1902,3.9147294
World,OWID_WRL,1903,4.6576734
World,OWID_WRL,1904,5.6082845
World,OWID_WRL,1905,6.6540494
World,OWID_WRL,1906,7.8651247
World,OWID_WRL,1907,9.277739
World,OWID_WRL,1908,11.452626
World,OWID_WRL,1909,13.368921
World,OWID_WRL,1910,15.4739
World,OWID_WRL,1911,18.323166
World,OWID_WRL,1912,21.480465
World,OWID_WRL,1913,24.636902
World,OWID_WRL,1914,27.807545
World,OWID_WRL,1915,31.454796
World,OWID_WRL,1916,35.445873
World,OWID_WRL,1917,38.93668
World,OWID_WRL,1918,48.18271
World,OWID_WRL,1919,55.091026
World,OWID_WRL,1920,51.83002
World,OWID_WRL,1921,50.832233
World,OWID_WRL,1922,56.86435
World,OWID_WRL,1923,62.11763
World,OWID_WRL,1924,68.36288
World,OWID_WRL,1925,75.40499
World,OWID_WRL,1926,87.4542
World,OWID_WRL,1927,97.300285
World,OWID_WRL,1928,109.35068
World,OWID_WRL,1929,117.025764
World,OWID_WRL,1930,119.56552
World,OWID_WRL,1931,114.73541
World,OWID_WRL,1932,118.48142
World,OWID_WRL,1933,125.75017
World,OWID_WRL,1934,132.90752
World,OWID_WRL,1935,151.701
World,OWID_WRL,1936,161.32446
World,OWID_WRL,1937,178.10236
World,OWID_WRL,1938,180.77887
World,OWID_WRL,1939,189.40376
World,OWID_WRL,1940,196.71043
World,OWID_WRL,1941,213.95946
World,OWID_WRL,1942,228.98686
World,OWID_WRL,1943,250.05984
World,OWID_WRL,1944,246.0217
World,OWID_WRL,1945,239.66374
World,OWID_WRL,1946,262.07834
World,OWID_WRL,1947,270.40076
World,OWID_WRL,1948,291.11926
World,OWID_WRL,1949,302.51193
World,OWID_WRL,1950,337.51788
World,OWID_WRL,1951,369.89792
World,OWID_WRL,1952,395.4607
World,OWID_WRL,1953,408.84094
World,OWID_WRL,1954,434.97546
World,OWID_WRL,1955,471.71362
World,OWID_WRL,1956,510.7949
World,OWID_WRL,1957,549.957
World,OWID_WRL,1958,610.1909
World,OWID_WRL,1959,629.7695
World,OWID_WRL,1960,689.35254
World,OWID_WRL,1961,726.67096
World,OWID_WRL,1962,764.5076
World,OWID_WRL,1963,804.2818
World,OWID_WRL,1964,834.5217
World,OWID_WRL,1965,941.1833
World,OWID_WRL,1966,1003.623
World,OWID_WRL,1967,1025.7289
World,OWID_WRL,1968,1081.4087
World,OWID_WRL,1969,1145.0004
World,OWID_WRL,1970,1200.3516
World,OWID_WRL,1971,1255.1305
World,OWID_WRL,1972,1314.5178
World,OWID_WRL,1973,1335.1088
World,OWID_WRL,1974,1465.5208
World,OWID_WRL,1975,1483.6956
World,OWID_WRL,1976,1481.9276
World,OWID_WRL,1977,1532.5645
World,OWID_WRL,1978,1657.682
World,OWID_WRL,1979,1741.6914
World,OWID_WRL,1980,1781.3772
World,OWID_WRL,1981,1822.4003
World,OWID_WRL,1982,1862.6355
World,OWID_WRL,1983,1946.1597
World,OWID_WRL,1984,2017.7706
World,OWID_WRL,1985,2058.0222
World,OWID_WRL,1986,2091.6704
World,OWID_WRL,1987,2124.9143
World,OWID_WRL,1988,2192.8516
World,OWID_WRL,1989,2195.1714
World,OWID_WRL,1990,2279.8623
World,OWID_WRL,1991,2335.394
World,OWID_WRL,1992,2344.6682
World,OWID_WRL,1993,2483.0566
World,OWID_WRL,1994,2504.306
World,OWID_WRL,1995,2638.9375
World,OWID_WRL,1996,2677.4287
World,OWID_WRL,1997,2735.5405
World,OWID_WRL,1998,2765.8862
World,OWID_WRL,1999,2799.2424
World,OWID_WRL,2000,2859.62
World,OWID_WRL,2001,2796.97
World,OWID_WRL,2002,2874.16
World,OWID_WRL,2003,2900.26
World,OWID_WRL,2004,3131.54
World,OWID_WRL,2005,3281.47
World,OWID_WRL,2006,3434.06
World,OWID_WRL,2007,3543.32
World,OWID_WRL,2008,3801.02
World,OWID_WRL,2009,3882.47
World,OWID_WRL,2010,4193.32
World,OWID_WRL,2011,4397.96
World,OWID_WRL,2012,4723.21
World,OWID_WRL,2013,5027.47
World,OWID_WRL,2014,5286.72
World,OWID_WRL,2015,5512.64
World,OWID_WRL,2016,5860.47
World,OWID_WRL,2017,6224.33
World,OWID_WRL,2018,6639.6
World,OWID_WRL,2019,6995.61
World,OWID_WRL,2020,7479.17
World,OWID_WRL,2021,7941.26
World,OWID_WRL,2022,8521.99
World,OWID_WRL,2023,8995.45
World,OWID_WRL,2024,9877.61
World,OWID_WRL,2025,10726.49
Yemen,YEM,2000,0
Yemen,YEM,2001,0
Yemen,YEM,2002,0
Yemen,YEM,2003,0
Yemen,YEM,2004,0
Yemen,YEM,2005,0
Yemen,YEM,2006,0
Yemen,YEM,2007,0
Yemen,YEM,2008,0
Yemen,YEM,2009,0
Yemen,YEM,2010,0
Yemen,YEM,2011,0
Yemen,YEM,2012,0
Yemen,YEM,2013,0
Yemen,YEM,2014,0.01
Yemen,YEM,2015,0.12
Yemen,YEM,2016,0.16
Yemen,YEM,2017,0.19
Yemen,YEM,2018,0.48
Yemen,YEM,2019,0.48
Yemen,YEM,2020,0.49
Yemen,YEM,2021,0.5
Yemen,YEM,2022,0.51
Yemen,YEM,2023,0.52
Yemen,YEM,2024,0.59
Zambia,ZMB,2000,7.67
Zambia,ZMB,2001,7.89
Zambia,ZMB,2002,8.1
Zambia,ZMB,2003,8.26
Zambia,ZMB,2004,8.46
Zambia,ZMB,2005,8.88
Zambia,ZMB,2006,9.67
Zambia,ZMB,2007,9.63
Zambia,ZMB,2008,9.52
Zambia,ZMB,2009,9.88
Zambia,ZMB,2010,10.44
Zambia,ZMB,2011,11.48
Zambia,ZMB,2012,12.35
Zambia,ZMB,2013,13.28
Zambia,ZMB,2014,14.11
Zambia,ZMB,2015,13.11
Zambia,ZMB,2016,11.1
Zambia,ZMB,2017,12.57
Zambia,ZMB,2018,13.78
Zambia,ZMB,2019,12.52
Zambia,ZMB,2020,13.02
Zambia,ZMB,2021,16.3
Zambia,ZMB,2022,17.31
Zambia,ZMB,2023,17.32
Zambia,ZMB,2024,17.25
Zimbabwe,ZWE,2000,3.19
Zimbabwe,ZWE,2001,2.96
Zimbabwe,ZWE,2002,3.81
Zimbabwe,ZWE,2003,5.34
Zimbabwe,ZWE,2004,5.5
Zimbabwe,ZWE,2005,4.91
Zimbabwe,ZWE,2006,5.41
Zimbabwe,ZWE,2007,5.44
Zimbabwe,ZWE,2008,5.79
Zimbabwe,ZWE,2009,5.52
Zimbabwe,ZWE,2010,5.87
Zimbabwe,ZWE,2011,5.29
Zimbabwe,ZWE,2012,5.51
Zimbabwe,ZWE,2013,5.13
Zimbabwe,ZWE,2014,5.44
Zimbabwe,ZWE,2015,5.04
Zimbabwe,ZWE,2016,3.22
Zimbabwe,ZWE,2017,4.13
Zimbabwe,ZWE,2018,5.25
Zimbabwe,ZWE,2019,4.38
Zimbabwe,ZWE,2020,3.93
Zimbabwe,ZWE,2021,6.06
Zimbabwe,ZWE,2022,6.02
Zimbabwe,ZWE,2023,5.61
Zimbabwe,ZWE,2024,5.86